Symbol,label,attributed_pct
BHN,pca_cev_0.75,0.3815369564411871
LDG,pca_cev_0.75,0.37627274267804556
VDS,pca_cev_0.75,0.3752717195876212
PGC,pca_cev_0.75,0.3747719548553996
TCI,pca_cev_0.75,0.37458360031606464
SSI,pca_cev_0.75,0.37353863042732394
TNI,pca_cev_0.75,0.3727919679352699
TYA,pca_cev_0.75,0.3725042052239672
GDT,pca_cev_0.75,0.37235664338535857
ORS,pca_cev_0.75,0.37138759952406974
ABS,pca_cev_0.75,0.37108862367434625
TV2,pca_cev_0.75,0.37052233417807234
CRE,pca_cev_0.75,0.3696945259387608
AGR,pca_cev_0.75,0.3691361086370317
AGG,pca_cev_0.75,0.3691238002767563
HPG,pca_cev_0.75,0.3686353223224941
VID,pca_cev_0.75,0.36799532805592616
SBV,pca_cev_0.75,0.36776908538480485
HHV,pca_cev_0.75,0.3677067017341941
TVT,pca_cev_0.75,0.3673376799971689
DBC,pca_cev_0.75,0.3665708382637101
SHB,pca_cev_0.75,0.36628156607955986
C32,pca_cev_0.75,0.366067335413132
ASG,pca_cev_0.75,0.36599986504273035
TCB,pca_cev_0.75,0.3658113246345576
TCH,pca_cev_0.75,0.3655846037220328
ICT,pca_cev_0.75,0.36554261880290567
NAF,pca_cev_0.75,0.3654345463602018
TN1,pca_cev_0.75,0.3650453764389768
SZC,pca_cev_0.75,0.364761673658314
GEX,pca_cev_0.75,0.3646146213964416
YBM,pca_cev_0.75,0.3645807802189767
MSN,pca_cev_0.75,0.3645031632898902
VCA,pca_cev_0.75,0.36437409204981214
HHS,pca_cev_0.75,0.36333693283457547
SVD,pca_cev_0.75,0.3633197478962968
VCI,pca_cev_0.75,0.36313766506434997
SAM,pca_cev_0.75,0.36274722771691736
TTA,pca_cev_0.75,0.36271332317808763
FTS,pca_cev_0.75,0.36257189959367436
HSG,pca_cev_0.75,0.36248616696361124
HPX,pca_cev_0.75,0.36238294467766735
IMP,pca_cev_0.75,0.3621501609794452
MBB,pca_cev_0.75,0.3621212842353587
TTF,pca_cev_0.75,0.3615017703345051
UIC,pca_cev_0.75,0.3610820312784524
AAT,pca_cev_0.75,0.3609393377952639
APH,pca_cev_0.75,0.36045722722472257
NVL,pca_cev_0.75,0.3604482027029028
TCT,pca_cev_0.75,0.36043937230773
SMC,pca_cev_0.75,0.3601652482419098
DAT,pca_cev_0.75,0.3597004179972562
NVT,pca_cev_0.75,0.3592138515980642
GSP,pca_cev_0.75,0.3576265841899533
CNG,pca_cev_0.75,0.3575118023458677
VAB,pca_cev_0.75,0.357173945852625
VIB,pca_cev_0.75,0.35698814658329303
TDG,pca_cev_0.75,0.3569376042299149
VIC,pca_cev_0.75,0.35644927295822837
TSC,pca_cev_0.75,0.35602577237188304
SCS,pca_cev_0.75,0.355975589613616
ACG,pca_cev_0.75,0.3556974461472976
HMC,pca_cev_0.75,0.3556071063354482
AFX,pca_cev_0.75,0.35550558837118545
HTN,pca_cev_0.75,0.35546461002573015
PTC,pca_cev_0.75,0.35527416943629664
APG,pca_cev_0.75,0.35516175559731905
PLP,pca_cev_0.75,0.35482265467428237
TIP,pca_cev_0.75,0.354594909159242
CTI,pca_cev_0.75,0.3545436409258153
NTC,pca_cev_0.75,0.3541570867425235
MHC,pca_cev_0.75,0.35385896086072377
QCG,pca_cev_0.75,0.3537173628608992
DXV,pca_cev_0.75,0.3535273483821483
BCE,pca_cev_0.75,0.35345586892236497
HTL,pca_cev_0.75,0.3529874642597579
DAH,pca_cev_0.75,0.35296215351104293
LBM,pca_cev_0.75,0.35244586724391286
LSS,pca_cev_0.75,0.3519864328967015
FCN,pca_cev_0.75,0.35158956494696575
TEG,pca_cev_0.75,0.35133470775982123
GVR,pca_cev_0.75,0.3509907324201299
PVP,pca_cev_0.75,0.35076133911246443
SFG,pca_cev_0.75,0.3503484839825866
OCB,pca_cev_0.75,0.35005650620384715
MWG,pca_cev_0.75,0.34969677331666943
KBC,pca_cev_0.75,0.3493289779903891
HCD,pca_cev_0.75,0.3492899189788768
NLG,pca_cev_0.75,0.3489447235791246
JVC,pca_cev_0.75,0.3486981252669255
LHG,pca_cev_0.75,0.3478478663286526
CSV,pca_cev_0.75,0.3471943093345185
HVX,pca_cev_0.75,0.3469693095305652
SGT,pca_cev_0.75,0.34694782380965394
TPB,pca_cev_0.75,0.3467931281590446
DTA,pca_cev_0.75,0.3466144450696536
HTG,pca_cev_0.75,0.3465789744061275
BVH,pca_cev_0.75,0.34639021052036323
ACB,pca_cev_0.75,0.34618317303406115
BCG,pca_cev_0.75,0.3461684687806994
VIX,pca_cev_0.75,0.34595542942480917
DLG,pca_cev_0.75,0.34550455089797555
CMX,pca_cev_0.75,0.3453314759475377
ANV,pca_cev_0.75,0.3447313584704466
NBB,pca_cev_0.75,0.34459341735701937
TLH,pca_cev_0.75,0.3443741756479372
KSB,pca_cev_0.75,0.34416431346853665
DHA,pca_cev_0.75,0.34406607225204533
IJC,pca_cev_0.75,0.3438236998721327
DQC,pca_cev_0.75,0.34349448012471
TVS,pca_cev_0.75,0.3423773839355247
EVF,pca_cev_0.75,0.34190269005894397
VHM,pca_cev_0.75,0.3415931735631433
PDR,pca_cev_0.75,0.3413889315010949
D2D,pca_cev_0.75,0.3412928067323776
SZL,pca_cev_0.75,0.3407969225793611
VPG,pca_cev_0.75,0.34064140283331773
ADG,pca_cev_0.75,0.34055024384074495
BKG,pca_cev_0.75,0.3403304717387112
PGV,pca_cev_0.75,0.340197996419777
CIG,pca_cev_0.75,0.3397116546299437
KHP,pca_cev_0.75,0.33961060796525067
ASP,pca_cev_0.75,0.33860155442928447
NTL,pca_cev_0.75,0.33851351685336123
VTO,pca_cev_0.75,0.33849421467031593
NHH,pca_cev_0.75,0.33782192399096034
HII,pca_cev_0.75,0.3376824099541131
TMS,pca_cev_0.75,0.3371702310345435
C47,pca_cev_0.75,0.3371569245162754
TCO,pca_cev_0.75,0.33645004893119734
HSL,pca_cev_0.75,0.3362342568122455
DXS,pca_cev_0.75,0.33622934095135476
SGR,pca_cev_0.75,0.3359737237670194
BRC,pca_cev_0.75,0.33587549942214157
VTP,pca_cev_0.75,0.3357533298121414
HAP,pca_cev_0.75,0.33562222629183786
BFC,pca_cev_0.75,0.3355223091090331
LIX,pca_cev_0.75,0.3353015340976954
CTS,pca_cev_0.75,0.33440821441112706
ASM,pca_cev_0.75,0.3343449808276169
CII,pca_cev_0.75,0.3341496169243142
KOS,pca_cev_0.75,0.3341015461147901
VPB,pca_cev_0.75,0.3339194532670015
VSC,pca_cev_0.75,0.33356478907125126
DPG,pca_cev_0.75,0.3332226717351809
BMC,pca_cev_0.75,0.3329717015533761
PAN,pca_cev_0.75,0.3328794525982861
DPR,pca_cev_0.75,0.3328056644154886
CCL,pca_cev_0.75,0.33256244008952884
DC4,pca_cev_0.75,0.3317338738143649
TNT,pca_cev_0.75,0.33118711389063216
TRC,pca_cev_0.75,0.3311675107066895
VND,pca_cev_0.75,0.3311621293769186
VJC,pca_cev_0.75,0.3309681441308805
HUB,pca_cev_0.75,0.3296031596022096
HVN,pca_cev_0.75,0.3290036217395736
VNG,pca_cev_0.75,0.3287522997280027
TLD,pca_cev_0.75,0.32844083818218095
HTI,pca_cev_0.75,0.3278691650091507
BTP,pca_cev_0.75,0.32778957045457774
LPB,pca_cev_0.75,0.32753460950164565
FCM,pca_cev_0.75,0.3272316814575692
FIT,pca_cev_0.75,0.32721985102105405
LCG,pca_cev_0.75,0.32683929919382987
PPC,pca_cev_0.75,0.3265690153953662
TCD,pca_cev_0.75,0.3261963520856187
THG,pca_cev_0.75,0.3259876121772511
NAV,pca_cev_0.75,0.3249500143105681
VRC,pca_cev_0.75,0.32438592042390135
HDC,pca_cev_0.75,0.3243003596261602
HDB,pca_cev_0.75,0.32395471199760884
NKG,pca_cev_0.75,0.32297163838045484
SHA,pca_cev_0.75,0.3222893491689452
PET,pca_cev_0.75,0.3217370132284934
SIP,pca_cev_0.75,0.3207961036651494
PAC,pca_cev_0.75,0.32075146920809905
DHM,pca_cev_0.75,0.3207155778893647
DGW,pca_cev_0.75,0.3206143902339585
MSB,pca_cev_0.75,0.32049842957802294
HAR,pca_cev_0.75,0.32014574517807615
KHG,pca_cev_0.75,0.31944689040643365
EIB,pca_cev_0.75,0.319309300204891
SFI,pca_cev_0.75,0.3190691818497426
LGL,pca_cev_0.75,0.31863319591429523
SCR,pca_cev_0.75,0.3182001116964026
PHR,pca_cev_0.75,0.3178027746012396
MCH,pca_cev_0.75,0.3175995986309448
PIT,pca_cev_0.75,0.3175292824172861
GEE,pca_cev_0.75,0.31739594905977886
TDH,pca_cev_0.75,0.3173726286719311
CDC,pca_cev_0.75,0.31737203110173645
CTF,pca_cev_0.75,0.31654085353513106
ACL,pca_cev_0.75,0.31650760428096636
VOS,pca_cev_0.75,0.3159210831385788
HQC,pca_cev_0.75,0.3154237667440844
HDG,pca_cev_0.75,0.31538507974510366
DHC,pca_cev_0.75,0.31529495265076596
AAA,pca_cev_0.75,0.31432340659818103
TDC,pca_cev_0.75,0.314026571389973
EVG,pca_cev_0.75,0.3140087434978025
ITC,pca_cev_0.75,0.3139152761761555
SSB,pca_cev_0.75,0.31336607624912016
BMI,pca_cev_0.75,0.31267917435031733
HCM,pca_cev_0.75,0.3126440062221616
CHP,pca_cev_0.75,0.31245059857237895
SAV,pca_cev_0.75,0.3120420934930805
CLC,pca_cev_0.75,0.3119530465630667
ADS,pca_cev_0.75,0.31189633014787216
NHA,pca_cev_0.75,0.3111467404116654
FMC,pca_cev_0.75,0.3108604648323209
TVB,pca_cev_0.75,0.3107589933072172
CTR,pca_cev_0.75,0.31027053677771255
DVP,pca_cev_0.75,0.30999046539442654
DBT,pca_cev_0.75,0.30993184058187695
SVT,pca_cev_0.75,0.3092841285833644
OGC,pca_cev_0.75,0.30924583953039947
SMB,pca_cev_0.75,0.3080898709746912
KMR,pca_cev_0.75,0.3080450656570773
YEG,pca_cev_0.75,0.3078897184679767
SBA,pca_cev_0.75,0.3076617048668802
DRC,pca_cev_0.75,0.30701928771481796
ACC,pca_cev_0.75,0.30669637845070236
DCL,pca_cev_0.75,0.30669188742444037
DXG,pca_cev_0.75,0.3065520178072146
PTL,pca_cev_0.75,0.30618254219513685
VMD,pca_cev_0.75,0.30563627224109813
VNE,pca_cev_0.75,0.30553957338428334
PHC,pca_cev_0.75,0.305193580398151
CRC,pca_cev_0.75,0.3049141036855056
VPI,pca_cev_0.75,0.3047976654754198
HHP,pca_cev_0.75,0.30458398125081076
SJS,pca_cev_0.75,0.3045379738353847
DIG,pca_cev_0.75,0.3038365650127119
BAF,pca_cev_0.75,0.30212874890015523
NSC,pca_cev_0.75,0.3020972659674195
VNL,pca_cev_0.75,0.30176827134036543
HVH,pca_cev_0.75,0.3003795811160588
STB,pca_cev_0.75,0.30018793183325143
BSI,pca_cev_0.75,0.29998134529083026
PLX,pca_cev_0.75,0.29960803089113947
AAM,pca_cev_0.75,0.2994153277767949
VPD,pca_cev_0.75,0.299014457890783
NAB,pca_cev_0.75,0.2987252036524034
ELC,pca_cev_0.75,0.298328791263532
PC1,pca_cev_0.75,0.29742282381926766
SBT,pca_cev_0.75,0.29730120121091974
DTL,pca_cev_0.75,0.2966848149427063
BWE,pca_cev_0.75,0.2943766984055561
BID,pca_cev_0.75,0.29413424162288615
HNA,pca_cev_0.75,0.2934523500914974
SJD,pca_cev_0.75,0.2908559377944411
TDP,pca_cev_0.75,0.28940318782834046
MSH,pca_cev_0.75,0.2893942353930836
NNC,pca_cev_0.75,0.2859935990228812
HAX,pca_cev_0.75,0.2855026056404673
GTA,pca_cev_0.75,0.2827135993343173
DCM,pca_cev_0.75,0.28226882053002766
SGN,pca_cev_0.75,0.27838709772963127
DPM,pca_cev_0.75,0.2763481037939691
TNH,pca_cev_0.75,0.27550923423012846
HT1,pca_cev_0.75,0.275101089037331
CMG,pca_cev_0.75,0.2745889772194275
CLL,pca_cev_0.75,0.27371386395001146
BSR,pca_cev_0.75,0.2735626087666267
POW,pca_cev_0.75,0.2729821843718597
DMC,pca_cev_0.75,0.27223376380461733
TBC,pca_cev_0.75,0.27054318979395814
VRE,pca_cev_0.75,0.26971226231707834
FIR,pca_cev_0.75,0.26904376781596084
TRA,pca_cev_0.75,0.26708686905884543
PVT,pca_cev_0.75,0.26611615177101117
ILB,pca_cev_0.75,0.2652175621659702
VGC,pca_cev_0.75,0.2623437566306806
CTG,pca_cev_0.75,0.2618168223010582
TMP,pca_cev_0.75,0.2599685924518896
VFG,pca_cev_0.75,0.25923975726980764
GMD,pca_cev_0.75,0.25847599608502264
BMP,pca_cev_0.75,0.25744671179961615
DRL,pca_cev_0.75,0.2565752471048759
VTB,pca_cev_0.75,0.254996224504833
PVD,pca_cev_0.75,0.25326831401034916
MIG,pca_cev_0.75,0.24905703455303016
DBD,pca_cev_0.75,0.24831278787147723
HAH,pca_cev_0.75,0.24798968851414036
HAG,pca_cev_0.75,0.24540977815054651
PVS,pca_cev_0.75,0.24504682936946992
SRC,pca_cev_0.75,0.24212131127032432
DSN,pca_cev_0.75,0.24067537186459015
EVE,pca_cev_0.75,0.2405037888251831
DHG,pca_cev_0.75,0.23774878651140308
GAS,pca_cev_0.75,0.23754240738696414
ST8,pca_cev_0.75,0.23595710316352148
NT2,pca_cev_0.75,0.23398422337719602
VSH,pca_cev_0.75,0.23386530057121194
PDV,pca_cev_0.75,0.23364026453452266
SKG,pca_cev_0.75,0.2323196233540533
PGD,pca_cev_0.75,0.23180677355190552
SAB,pca_cev_0.75,0.2257776222090239
DGC,pca_cev_0.75,0.22372912246736462
ITD,pca_cev_0.75,0.21918343960330255
BIC,pca_cev_0.75,0.2120024608132737
TDM,pca_cev_0.75,0.21011916744325335
FPT,pca_cev_0.75,0.20995117655840428
VCB,pca_cev_0.75,0.20616989240137373
VIP,pca_cev_0.75,0.20288415801221185
SHP,pca_cev_0.75,0.2013005393966097
NCT,pca_cev_0.75,0.18676386276268173
FRT,pca_cev_0.75,0.18672928403865985
DSC,pca_cev_0.75,0.18443559161692716
TMT,pca_cev_0.75,0.16169425374253818
BCM,pca_cev_0.75,0.14722879302771685
SHI,pca_cev_0.75,0.13789228514315144
CKG,pca_cev_0.75,0.13308913611674286
VNM,pca_cev_0.75,0.12872507821217236
REE,pca_cev_0.75,0.11821221184641223
KDC,pca_cev_0.75,0.08129128928887609
PNJ,pca_cev_0.75,0.0629716628738626
OPC,pca_cev_0.75,0.04855101297726132
GMD,pca_cev_0.80,0.4723154786313615
DGC,pca_cev_0.80,0.4710944355881535
DBD,pca_cev_0.80,0.45038675537917694
STB,pca_cev_0.80,0.44885963169528625
FRT,pca_cev_0.80,0.445002820744486
DTL,pca_cev_0.80,0.44458283708055363
CHP,pca_cev_0.80,0.4374844561569775
LCG,pca_cev_0.80,0.4347707598030969
FPT,pca_cev_0.80,0.4330732225158216
CTR,pca_cev_0.80,0.4293856063827554
VSH,pca_cev_0.80,0.4284297089847032
VTP,pca_cev_0.80,0.424226821321182
CDC,pca_cev_0.80,0.42349647119013784
VRE,pca_cev_0.80,0.4218926086835018
ANV,pca_cev_0.80,0.4197854288344949
SIP,pca_cev_0.80,0.417565131753047
SHP,pca_cev_0.80,0.41606854384896097
HNA,pca_cev_0.80,0.4125394798208318
VIP,pca_cev_0.80,0.412226892493446
VPI,pca_cev_0.80,0.4083982959970733
VTO,pca_cev_0.80,0.40802784702415695
CMG,pca_cev_0.80,0.4069847222919624
NTC,pca_cev_0.80,0.4065165429640491
VGC,pca_cev_0.80,0.4044276884446543
HCM,pca_cev_0.80,0.40360254379887084
HHP,pca_cev_0.80,0.40105293711669027
VCB,pca_cev_0.80,0.4001749555497523
HHV,pca_cev_0.80,0.39944274887527204
VNE,pca_cev_0.80,0.3987611719518177
VNL,pca_cev_0.80,0.3982834626944895
FIR,pca_cev_0.80,0.3966388325946209
SBA,pca_cev_0.80,0.3938180589908946
SSB,pca_cev_0.80,0.39234685254916407
HAH,pca_cev_0.80,0.39208196364580294
DVP,pca_cev_0.80,0.3918128708011451
NVL,pca_cev_0.80,0.3915155943949025
OGC,pca_cev_0.80,0.3913545611115824
SGR,pca_cev_0.80,0.3908409908982712
HSG,pca_cev_0.80,0.38968681043731324
VJC,pca_cev_0.80,0.3890098254884001
APG,pca_cev_0.80,0.3885143706782412
VCA,pca_cev_0.80,0.38692928374335545
AGR,pca_cev_0.80,0.386518357397719
PVP,pca_cev_0.80,0.3860519227122526
ELC,pca_cev_0.80,0.385717865251106
NNC,pca_cev_0.80,0.3840099889415005
ADG,pca_cev_0.80,0.38212818098984747
NAF,pca_cev_0.80,0.3817880373293
CTF,pca_cev_0.80,0.3812515244540538
TMP,pca_cev_0.80,0.3802882443635299
DGW,pca_cev_0.80,0.38026609828588687
NCT,pca_cev_0.80,0.37996387550066674
ITD,pca_cev_0.80,0.37908035912721
CTI,pca_cev_0.80,0.3782292576416984
CLC,pca_cev_0.80,0.3772263600307274
OCB,pca_cev_0.80,0.37683541763921713
DRC,pca_cev_0.80,0.37679605717656495
BSI,pca_cev_0.80,0.3766000382872446
BID,pca_cev_0.80,0.376043884977648
CTG,pca_cev_0.80,0.3737468204908979
PDV,pca_cev_0.80,0.3733385289682874
TEG,pca_cev_0.80,0.3720098347151155
GSP,pca_cev_0.80,0.3703289667185832
VPB,pca_cev_0.80,0.3686295890614887
SAB,pca_cev_0.80,0.3683855009916625
TRA,pca_cev_0.80,0.36799814968868305
SAM,pca_cev_0.80,0.36753197762871215
EVF,pca_cev_0.80,0.3666713446528908
REE,pca_cev_0.80,0.3660575209413117
CTS,pca_cev_0.80,0.365632293669805
YBM,pca_cev_0.80,0.3642143630502197
AAT,pca_cev_0.80,0.3619976485229152
NAB,pca_cev_0.80,0.3615564552958093
HPG,pca_cev_0.80,0.36142022112733374
TCI,pca_cev_0.80,0.3610476495628174
HTN,pca_cev_0.80,0.3598523994970326
HDB,pca_cev_0.80,0.3596481745431968
VIC,pca_cev_0.80,0.3594583947805428
MWG,pca_cev_0.80,0.35919490671104787
VDS,pca_cev_0.80,0.35860121123096256
LBM,pca_cev_0.80,0.3585466086379795
VIB,pca_cev_0.80,0.35743166568038787
DHA,pca_cev_0.80,0.35570125678102943
NSC,pca_cev_0.80,0.35538303304245783
CSV,pca_cev_0.80,0.3548297249514685
VMD,pca_cev_0.80,0.35476503595776754
DHM,pca_cev_0.80,0.35430016496336486
LSS,pca_cev_0.80,0.35365403126662537
C32,pca_cev_0.80,0.35363940213913647
HPX,pca_cev_0.80,0.3530234340525839
AAM,pca_cev_0.80,0.3529074793682728
TDP,pca_cev_0.80,0.35285641155181496
BMP,pca_cev_0.80,0.3510375989528433
TDM,pca_cev_0.80,0.3502426188765799
MSN,pca_cev_0.80,0.3495192897860483
DBT,pca_cev_0.80,0.3492257197510289
HMC,pca_cev_0.80,0.3491055494322208
CKG,pca_cev_0.80,0.3477617732893731
VHM,pca_cev_0.80,0.3467826620982525
DAH,pca_cev_0.80,0.3466760828140303
NHH,pca_cev_0.80,0.3451293521110624
DPM,pca_cev_0.80,0.343488012894414
PVD,pca_cev_0.80,0.34331657430958346
HTL,pca_cev_0.80,0.3428647772900758
HTI,pca_cev_0.80,0.34277188502400774
MIG,pca_cev_0.80,0.34216176523499925
PLX,pca_cev_0.80,0.34182204949039907
ACG,pca_cev_0.80,0.34148416347845445
DCM,pca_cev_0.80,0.3410208264965317
C47,pca_cev_0.80,0.34082712215983235
DHG,pca_cev_0.80,0.3405997155700556
DSN,pca_cev_0.80,0.3386719147912866
CLL,pca_cev_0.80,0.33851244792858176
LPB,pca_cev_0.80,0.3382669743030312
EVE,pca_cev_0.80,0.3381790880901244
TPB,pca_cev_0.80,0.33801043207969556
PAC,pca_cev_0.80,0.3377764041349974
KSB,pca_cev_0.80,0.33685805247311706
BVH,pca_cev_0.80,0.33655608615030747
TVT,pca_cev_0.80,0.3364009862780797
TCH,pca_cev_0.80,0.3338686252374681
PDR,pca_cev_0.80,0.33244216226059753
CNG,pca_cev_0.80,0.3307625355055381
HCD,pca_cev_0.80,0.3297617522195941
SSI,pca_cev_0.80,0.32944088855283676
TIP,pca_cev_0.80,0.32914095088848283
FTS,pca_cev_0.80,0.3286521519656076
PLP,pca_cev_0.80,0.3275640754251405
BCG,pca_cev_0.80,0.3264246548920178
BMC,pca_cev_0.80,0.3257908906676017
VIX,pca_cev_0.80,0.3251825618952574
GDT,pca_cev_0.80,0.3242153468830557
TYA,pca_cev_0.80,0.32391045918480826
SVD,pca_cev_0.80,0.3237487385679023
DXS,pca_cev_0.80,0.3237101675226051
VPG,pca_cev_0.80,0.3235930592374214
ABS,pca_cev_0.80,0.3233245148550889
HAP,pca_cev_0.80,0.3227833274021758
ASG,pca_cev_0.80,0.3227653547624677
DQC,pca_cev_0.80,0.3224584330755609
TCB,pca_cev_0.80,0.32225635637710076
NVT,pca_cev_0.80,0.32210835111388225
VCI,pca_cev_0.80,0.32203235137850283
ASP,pca_cev_0.80,0.321712754194044
PC1,pca_cev_0.80,0.32144502853316403
POW,pca_cev_0.80,0.3213138755647344
SBV,pca_cev_0.80,0.32127765775962414
SHB,pca_cev_0.80,0.32082051417045515
HVH,pca_cev_0.80,0.3204182297274445
HVN,pca_cev_0.80,0.3202478827455135
BHN,pca_cev_0.80,0.31969754104283277
TV2,pca_cev_0.80,0.3191960992436987
SCS,pca_cev_0.80,0.31912492634258227
TCT,pca_cev_0.80,0.3189356761322651
PVS,pca_cev_0.80,0.3182684225782696
PGC,pca_cev_0.80,0.31774074240291345
BCM,pca_cev_0.80,0.31757696430781573
SGN,pca_cev_0.80,0.3172725646012949
LIX,pca_cev_0.80,0.3166782992251898
SJS,pca_cev_0.80,0.31648419627793706
MCH,pca_cev_0.80,0.31621129995087094
VRC,pca_cev_0.80,0.3153302305478777
DMC,pca_cev_0.80,0.31526287315298585
IMP,pca_cev_0.80,0.3142364430928808
AGG,pca_cev_0.80,0.31300148478198153
KOS,pca_cev_0.80,0.3129294042098578
SZL,pca_cev_0.80,0.3127268186125171
KHP,pca_cev_0.80,0.3125010344731355
VSC,pca_cev_0.80,0.31242982753823584
VID,pca_cev_0.80,0.3123260207936133
FMC,pca_cev_0.80,0.31024964142518974
PVT,pca_cev_0.80,0.31001223280875506
DCL,pca_cev_0.80,0.30978567343208224
MBB,pca_cev_0.80,0.3095767564960024
ICT,pca_cev_0.80,0.3094403548526149
ACB,pca_cev_0.80,0.30916512957142933
PTC,pca_cev_0.80,0.30866243385606096
CMX,pca_cev_0.80,0.3069141119587957
DPR,pca_cev_0.80,0.30640851039621486
VTB,pca_cev_0.80,0.30604832607755816
KDC,pca_cev_0.80,0.305569663788814
TBC,pca_cev_0.80,0.3050392145207496
DXV,pca_cev_0.80,0.30467833913028125
TTF,pca_cev_0.80,0.3039231066464596
VAB,pca_cev_0.80,0.3038483273576812
ACL,pca_cev_0.80,0.30384017285746656
NBB,pca_cev_0.80,0.3036857266262145
GEX,pca_cev_0.80,0.30297199049465423
CRE,pca_cev_0.80,0.30296589098048154
TDG,pca_cev_0.80,0.30170617310340664
HAX,pca_cev_0.80,0.3013317030613185
HHS,pca_cev_0.80,0.3009958376049134
SRC,pca_cev_0.80,0.30076813732607655
TTA,pca_cev_0.80,0.3001560819778015
FCN,pca_cev_0.80,0.30000112825193026
TN1,pca_cev_0.80,0.29977789077855704
BCE,pca_cev_0.80,0.29969794093575564
TNH,pca_cev_0.80,0.2994517853017928
NT2,pca_cev_0.80,0.2977495581216619
AFX,pca_cev_0.80,0.2973853092819039
SJD,pca_cev_0.80,0.2969288440073214
APH,pca_cev_0.80,0.2965986857653842
HII,pca_cev_0.80,0.2956644225114396
UIC,pca_cev_0.80,0.2948278111103015
HT1,pca_cev_0.80,0.29444306674471493
ASM,pca_cev_0.80,0.29432452252487606
BSR,pca_cev_0.80,0.2935452409066604
QCG,pca_cev_0.80,0.2933653242321756
DXG,pca_cev_0.80,0.29317850493665626
SMB,pca_cev_0.80,0.2911772418170579
LDG,pca_cev_0.80,0.2903059375754044
MHC,pca_cev_0.80,0.29003480257031583
HAG,pca_cev_0.80,0.28922837486439007
TNI,pca_cev_0.80,0.28897015178123303
NAV,pca_cev_0.80,0.2876867957387557
TMS,pca_cev_0.80,0.28591668404925186
ILB,pca_cev_0.80,0.28536751786382913
PET,pca_cev_0.80,0.2836409262465971
DBC,pca_cev_0.80,0.2816620265922317
ITC,pca_cev_0.80,0.2812552391168021
DHC,pca_cev_0.80,0.2807520938481754
HTG,pca_cev_0.80,0.2804699272834123
SBT,pca_cev_0.80,0.28036525763737835
DAT,pca_cev_0.80,0.2800082036942243
ORS,pca_cev_0.80,0.27979834547216664
KBC,pca_cev_0.80,0.27964164161957916
PGD,pca_cev_0.80,0.2792631643195174
DRL,pca_cev_0.80,0.2786061978808228
DIG,pca_cev_0.80,0.2780601534013712
MSB,pca_cev_0.80,0.2768284137056502
ACC,pca_cev_0.80,0.2758762501185626
HSL,pca_cev_0.80,0.27548767580839245
TLH,pca_cev_0.80,0.27538237379089425
SZC,pca_cev_0.80,0.27520311659165847
BFC,pca_cev_0.80,0.27485054228414935
NKG,pca_cev_0.80,0.27421298609195127
SHA,pca_cev_0.80,0.27410946371024125
TDC,pca_cev_0.80,0.2737292712836737
TCO,pca_cev_0.80,0.27336453791809123
VND,pca_cev_0.80,0.2715354229584273
TRC,pca_cev_0.80,0.2713958578965386
PNJ,pca_cev_0.80,0.2708050454308949
TNT,pca_cev_0.80,0.27039247302060654
BKG,pca_cev_0.80,0.2685929847276064
GAS,pca_cev_0.80,0.26775395009088204
HQC,pca_cev_0.80,0.2665551371822926
KHG,pca_cev_0.80,0.2660590327173758
LHG,pca_cev_0.80,0.2638372703030928
VNM,pca_cev_0.80,0.26359779931011057
DTA,pca_cev_0.80,0.263566736298075
JVC,pca_cev_0.80,0.2616321533365159
BWE,pca_cev_0.80,0.2607570715091928
TSC,pca_cev_0.80,0.2559129793574522
SFG,pca_cev_0.80,0.2548442723266118
NLG,pca_cev_0.80,0.25476504146551754
BTP,pca_cev_0.80,0.2546889690857299
TLD,pca_cev_0.80,0.25394190444176723
DLG,pca_cev_0.80,0.25356547819823616
TVS,pca_cev_0.80,0.25305574813973947
SKG,pca_cev_0.80,0.252380645497569
GTA,pca_cev_0.80,0.25017707748012713
SMC,pca_cev_0.80,0.25015169056257736
VNG,pca_cev_0.80,0.2494304788281674
HUB,pca_cev_0.80,0.24935680497775026
AAA,pca_cev_0.80,0.2478239483068816
HDC,pca_cev_0.80,0.24519909675013885
EIB,pca_cev_0.80,0.24498311272771303
FCM,pca_cev_0.80,0.24416944337536775
THG,pca_cev_0.80,0.24415418895172897
CII,pca_cev_0.80,0.24403768435244613
CIG,pca_cev_0.80,0.2435706732570097
PIT,pca_cev_0.80,0.24331600166574854
NHA,pca_cev_0.80,0.242678792764366
SGT,pca_cev_0.80,0.24236998765602868
D2D,pca_cev_0.80,0.24229433353835955
GVR,pca_cev_0.80,0.24216882191094563
NTL,pca_cev_0.80,0.23994258530029475
SVT,pca_cev_0.80,0.2393925521438723
BIC,pca_cev_0.80,0.2379977407391383
SAV,pca_cev_0.80,0.2375152754885081
HVX,pca_cev_0.80,0.23719085987154032
TVB,pca_cev_0.80,0.23681641581484827
DPG,pca_cev_0.80,0.2365642494576205
PGV,pca_cev_0.80,0.2343670867594938
VOS,pca_cev_0.80,0.23378316201136365
ST8,pca_cev_0.80,0.23321204264269582
FIT,pca_cev_0.80,0.23087666006385238
TCD,pca_cev_0.80,0.23076697695902462
VPD,pca_cev_0.80,0.2304896160192526
IJC,pca_cev_0.80,0.2294470685216466
PAN,pca_cev_0.80,0.22930628340789486
CCL,pca_cev_0.80,0.22914589834188645
KMR,pca_cev_0.80,0.22721298717944716
DC4,pca_cev_0.80,0.22636196810269482
BRC,pca_cev_0.80,0.22527120441297718
GEE,pca_cev_0.80,0.2237910390936562
PPC,pca_cev_0.80,0.22192965068858922
HDG,pca_cev_0.80,0.21886936074937308
SHI,pca_cev_0.80,0.21750185290603763
LGL,pca_cev_0.80,0.21527275932990297
HAR,pca_cev_0.80,0.2146141343144485
SFI,pca_cev_0.80,0.21460869422555504
YEG,pca_cev_0.80,0.213520325873352
PHC,pca_cev_0.80,0.21309696025253128
PHR,pca_cev_0.80,0.21249905411483602
SCR,pca_cev_0.80,0.21151066324987677
PTL,pca_cev_0.80,0.20708073571007216
BMI,pca_cev_0.80,0.2067098773479328
BAF,pca_cev_0.80,0.20233340570531966
VFG,pca_cev_0.80,0.20132714924063633
EVG,pca_cev_0.80,0.19502279403099057
MSH,pca_cev_0.80,0.19433128880391096
TDH,pca_cev_0.80,0.19383380608750206
ADS,pca_cev_0.80,0.19158619129506008
CRC,pca_cev_0.80,0.18881794247040304
TMT,pca_cev_0.80,0.15707911987926645
DSC,pca_cev_0.80,0.13953267354674756
OPC,pca_cev_0.80,0.0752727505461191
PHR,pca_cev_0.90,0.41812632932544297
LGL,pca_cev_0.90,0.4178740513916868
CCL,pca_cev_0.90,0.41779946999624645
TVB,pca_cev_0.90,0.416224666562658
NHA,pca_cev_0.90,0.41618811702712566
D2D,pca_cev_0.90,0.41458883079338926
PAN,pca_cev_0.90,0.4140694188541898
GVR,pca_cev_0.90,0.4109646910674922
SAV,pca_cev_0.90,0.4108256114719582
VND,pca_cev_0.90,0.40934316020088835
BCE,pca_cev_0.90,0.4091738639925652
TLD,pca_cev_0.90,0.40863124125943334
DPG,pca_cev_0.90,0.40836625588550257
TDH,pca_cev_0.90,0.408059077266761
NTL,pca_cev_0.90,0.4079121359566544
TCD,pca_cev_0.90,0.4076521221211352
HVX,pca_cev_0.90,0.40748097195638944
HII,pca_cev_0.90,0.4074731007079097
DC4,pca_cev_0.90,0.4071173624807874
TNT,pca_cev_0.90,0.4069632775073036
HUB,pca_cev_0.90,0.40684038214858437
SVT,pca_cev_0.90,0.4064625840751944
PPC,pca_cev_0.90,0.4062779218832307
SMC,pca_cev_0.90,0.40601641630881896
NKG,pca_cev_0.90,0.4059871996759537
DTA,pca_cev_0.90,0.40596515325546717
BKG,pca_cev_0.90,0.4054839286423682
SFG,pca_cev_0.90,0.40504515889079173
VAB,pca_cev_0.90,0.40484504258993415
DIG,pca_cev_0.90,0.40482797095498735
LHG,pca_cev_0.90,0.4044037636114
CIG,pca_cev_0.90,0.40425177240498056
TRC,pca_cev_0.90,0.4041785703834355
TLH,pca_cev_0.90,0.4040922999681655
IJC,pca_cev_0.90,0.40379294983419867
CRC,pca_cev_0.90,0.4027970486512018
KHG,pca_cev_0.90,0.4027184564706022
FIT,pca_cev_0.90,0.4025021569829271
ASM,pca_cev_0.90,0.40194389085120896
KMR,pca_cev_0.90,0.40179261451807236
NLG,pca_cev_0.90,0.4016838009917545
TSC,pca_cev_0.90,0.40155276199444284
VRC,pca_cev_0.90,0.4013816868434137
ADS,pca_cev_0.90,0.40131101329161273
EVG,pca_cev_0.90,0.40085838701476106
PGV,pca_cev_0.90,0.40014364164622074
FCM,pca_cev_0.90,0.4001429667665603
SGT,pca_cev_0.90,0.40005648970147495
BMI,pca_cev_0.90,0.3990993389611894
SCR,pca_cev_0.90,0.3982640338459432
DXS,pca_cev_0.90,0.39808463301618
JVC,pca_cev_0.90,0.39760149343277396
TDG,pca_cev_0.90,0.3974962150066245
HAP,pca_cev_0.90,0.39708184025353627
APH,pca_cev_0.90,0.396976020731241
DXG,pca_cev_0.90,0.3964633080014078
VPG,pca_cev_0.90,0.39630393262517266
DLG,pca_cev_0.90,0.39600526833712507
DPR,pca_cev_0.90,0.3959691020050087
SHA,pca_cev_0.90,0.39507486272548603
AAA,pca_cev_0.90,0.395072134698508
THG,pca_cev_0.90,0.3949710550957513
PET,pca_cev_0.90,0.39437681232472266
HAR,pca_cev_0.90,0.39408923449561994
HVN,pca_cev_0.90,0.39305179005281704
DHC,pca_cev_0.90,0.39272245615255336
BRC,pca_cev_0.90,0.3924095290785872
SBT,pca_cev_0.90,0.39195936311402374
KHP,pca_cev_0.90,0.3916888986728661
YEG,pca_cev_0.90,0.39155837393690535
PTC,pca_cev_0.90,0.39146443508283274
BCG,pca_cev_0.90,0.3913594534140436
HDG,pca_cev_0.90,0.3906128594741851
BAF,pca_cev_0.90,0.39055484076518343
MSB,pca_cev_0.90,0.39048338334433985
VOS,pca_cev_0.90,0.3901226094956057
HVH,pca_cev_0.90,0.38984017982607433
TCB,pca_cev_0.90,0.38963830767738794
ASP,pca_cev_0.90,0.3889590509824896
TCO,pca_cev_0.90,0.3885340736748819
TPB,pca_cev_0.90,0.3880979371235159
CII,pca_cev_0.90,0.3879023686763896
TTF,pca_cev_0.90,0.38762038120235526
PDR,pca_cev_0.90,0.3873817663168487
DXV,pca_cev_0.90,0.3873008360344811
CMX,pca_cev_0.90,0.3872003665737829
ORS,pca_cev_0.90,0.3870358766064522
SZC,pca_cev_0.90,0.38671883373949983
ABS,pca_cev_0.90,0.3865354209490679
C47,pca_cev_0.90,0.3861228783284332
DQC,pca_cev_0.90,0.385660754861895
MSH,pca_cev_0.90,0.3853062827058851
TIP,pca_cev_0.90,0.3852178224563831
SJD,pca_cev_0.90,0.38508564576617227
TN1,pca_cev_0.90,0.38503399335169547
TVS,pca_cev_0.90,0.38497571115261336
PTL,pca_cev_0.90,0.3838149331069129
HMC,pca_cev_0.90,0.38341806643848353
GEX,pca_cev_0.90,0.383366703821359
HDC,pca_cev_0.90,0.38310861613545016
GEE,pca_cev_0.90,0.3828831120233601
HQC,pca_cev_0.90,0.38257131002102995
NVT,pca_cev_0.90,0.38244862302349864
DBC,pca_cev_0.90,0.38187655446869223
HTN,pca_cev_0.90,0.3811093361033561
PHC,pca_cev_0.90,0.38053194516199756
CRE,pca_cev_0.90,0.38039325403472984
ACL,pca_cev_0.90,0.38020154794870836
SFI,pca_cev_0.90,0.3797782714357435
LDG,pca_cev_0.90,0.37957660262680515
TMS,pca_cev_0.90,0.3785138288113228
ACG,pca_cev_0.90,0.3783892191776548
SCS,pca_cev_0.90,0.3778281714767831
BFC,pca_cev_0.90,0.3777510233838145
TNI,pca_cev_0.90,0.37715119385428075
HHS,pca_cev_0.90,0.37707742672915606
DAT,pca_cev_0.90,0.3755681433485413
PLX,pca_cev_0.90,0.3753698599612352
AAT,pca_cev_0.90,0.37533401022212914
CSV,pca_cev_0.90,0.37521326135471733
SJS,pca_cev_0.90,0.3739504633294174
FCN,pca_cev_0.90,0.37259457474252794
TYA,pca_cev_0.90,0.37252301005350835
HCD,pca_cev_0.90,0.3713824297456956
MCH,pca_cev_0.90,0.3712269450723835
TTA,pca_cev_0.90,0.3708221998872092
KBC,pca_cev_0.90,0.37081926778873614
ACB,pca_cev_0.90,0.37062711816321364
VID,pca_cev_0.90,0.3703652115920493
MWG,pca_cev_0.90,0.369999031512249
VIB,pca_cev_0.90,0.369864076436791
SAM,pca_cev_0.90,0.3689335633358177
HTG,pca_cev_0.90,0.36848399796318343
IMP,pca_cev_0.90,0.3679636006556577
VHM,pca_cev_0.90,0.3677848199412008
SSI,pca_cev_0.90,0.3677594514045497
HAX,pca_cev_0.90,0.3674318919887325
CTI,pca_cev_0.90,0.3665886119086276
UIC,pca_cev_0.90,0.36592064723817164
FMC,pca_cev_0.90,0.36543000441240886
BSR,pca_cev_0.90,0.36530484307834366
PLP,pca_cev_0.90,0.3651673624406659
KSB,pca_cev_0.90,0.36510703909326137
LBM,pca_cev_0.90,0.3649866644794638
VSC,pca_cev_0.90,0.3634637489982207
DAH,pca_cev_0.90,0.36333297007144766
AGG,pca_cev_0.90,0.36131658538355055
SHB,pca_cev_0.90,0.36128950638598534
DGW,pca_cev_0.90,0.35932321738990214
DCL,pca_cev_0.90,0.35907156368741466
SBV,pca_cev_0.90,0.3579532634437554
HTL,pca_cev_0.90,0.35768285056289617
NBB,pca_cev_0.90,0.3571808112888984
ICT,pca_cev_0.90,0.3566374285643142
VCI,pca_cev_0.90,0.35605738355941713
VNG,pca_cev_0.90,0.35602879160913514
LIX,pca_cev_0.90,0.3556062460777204
BMC,pca_cev_0.90,0.3543453722692259
NAF,pca_cev_0.90,0.3534565011369158
EIB,pca_cev_0.90,0.3532506156474071
SVD,pca_cev_0.90,0.35063492911178706
BHN,pca_cev_0.90,0.3506324508421175
NSC,pca_cev_0.90,0.34960856977510313
HPG,pca_cev_0.90,0.34643060050049257
ASG,pca_cev_0.90,0.34536180104591213
TDC,pca_cev_0.90,0.34529653851986086
HT1,pca_cev_0.90,0.34496284412984884
MBB,pca_cev_0.90,0.3440981214968053
PIT,pca_cev_0.90,0.34384685407557924
HPX,pca_cev_0.90,0.3437317382996367
NAV,pca_cev_0.90,0.3437134846355899
BWE,pca_cev_0.90,0.34364969252929595
PGC,pca_cev_0.90,0.3433373797356237
C32,pca_cev_0.90,0.3432184033792722
POW,pca_cev_0.90,0.3426801107562624
TCH,pca_cev_0.90,0.3411800033490066
TEG,pca_cev_0.90,0.33825981445459347
NVL,pca_cev_0.90,0.3380491559659182
HTI,pca_cev_0.90,0.3372623569558594
TCI,pca_cev_0.90,0.33713484926614684
ITC,pca_cev_0.90,0.3367048134844266
VIC,pca_cev_0.90,0.3361875030210062
CNG,pca_cev_0.90,0.3350124505205398
VNL,pca_cev_0.90,0.33377744839968104
VNE,pca_cev_0.90,0.333288130769348
ANV,pca_cev_0.90,0.3330935863832901
PVP,pca_cev_0.90,0.3318549085111759
NNC,pca_cev_0.90,0.33165261160927195
VMD,pca_cev_0.90,0.33141275490949174
QCG,pca_cev_0.90,0.32890987671396743
VPD,pca_cev_0.90,0.3287467497852281
VTP,pca_cev_0.90,0.3285264627173225
AFX,pca_cev_0.90,0.32763764882355245
DRC,pca_cev_0.90,0.32714715050994336
APG,pca_cev_0.90,0.32708279910835947
HSG,pca_cev_0.90,0.3265878465365386
VPB,pca_cev_0.90,0.32594086066717726
GDT,pca_cev_0.90,0.3258051910823292
LSS,pca_cev_0.90,0.3254481879056071
HSL,pca_cev_0.90,0.32511810414531944
ADG,pca_cev_0.90,0.32505897207341133
YBM,pca_cev_0.90,0.32463507940906944
OCB,pca_cev_0.90,0.32454007711746746
VTO,pca_cev_0.90,0.32408674703656887
MSN,pca_cev_0.90,0.3235877661896757
ILB,pca_cev_0.90,0.3221931714452298
BTP,pca_cev_0.90,0.3218262104704511
PC1,pca_cev_0.90,0.3204576561256989
TNH,pca_cev_0.90,0.32033679420982214
MHC,pca_cev_0.90,0.3195392364840588
VDS,pca_cev_0.90,0.31947978249344405
SSB,pca_cev_0.90,0.3192892401560967
MIG,pca_cev_0.90,0.3190926155587568
VCA,pca_cev_0.90,0.3185062526240107
SGR,pca_cev_0.90,0.31684919713527043
HHV,pca_cev_0.90,0.31369588185924324
VJC,pca_cev_0.90,0.31350472656843037
NHH,pca_cev_0.90,0.31046329071494805
SMB,pca_cev_0.90,0.30888348775180036
AGR,pca_cev_0.90,0.3059066402133819
GTA,pca_cev_0.90,0.30586995443977194
TV2,pca_cev_0.90,0.3051183217746357
DCM,pca_cev_0.90,0.3042739596812567
GSP,pca_cev_0.90,0.3008058827987321
ACC,pca_cev_0.90,0.3008028660215861
TCT,pca_cev_0.90,0.29988523412655527
DTL,pca_cev_0.90,0.2984354483838626
HAH,pca_cev_0.90,0.29832404202912244
SKG,pca_cev_0.90,0.297387921311778
TVT,pca_cev_0.90,0.2961457130770428
BVH,pca_cev_0.90,0.2946002955491382
AAM,pca_cev_0.90,0.29428063772878227
FTS,pca_cev_0.90,0.28876420226603816
DPM,pca_cev_0.90,0.2860125575939795
CMG,pca_cev_0.90,0.28516277699434894
SZL,pca_cev_0.90,0.2843298534220493
HCM,pca_cev_0.90,0.28397570367178443
NTC,pca_cev_0.90,0.28269601894646423
LCG,pca_cev_0.90,0.28040348662230313
EVF,pca_cev_0.90,0.2787032150891517
BID,pca_cev_0.90,0.27694083689509036
VRE,pca_cev_0.90,0.27306662235022255
VFG,pca_cev_0.90,0.2707861848583076
OGC,pca_cev_0.90,0.26313077233462057
KOS,pca_cev_0.90,0.25951738451292145
ITD,pca_cev_0.90,0.25825944515613086
CTF,pca_cev_0.90,0.25824597524633414
PAC,pca_cev_0.90,0.2548980691465885
VPI,pca_cev_0.90,0.2528243798429001
CDC,pca_cev_0.90,0.25271813892185574
HNA,pca_cev_0.90,0.24942284489730415
DBT,pca_cev_0.90,0.24875478892546085
VGC,pca_cev_0.90,0.24610545650047919
HAG,pca_cev_0.90,0.24495761050455778
SGN,pca_cev_0.90,0.24323261286153977
DHM,pca_cev_0.90,0.23688825572449373
NT2,pca_cev_0.90,0.23273450537420085
VIX,pca_cev_0.90,0.22992910334724015
CHP,pca_cev_0.90,0.22970264789773767
DHA,pca_cev_0.90,0.2285316011972535
SBA,pca_cev_0.90,0.22044078468212006
CLC,pca_cev_0.90,0.21998535191589175
DGC,pca_cev_0.90,0.21996700106592354
HHP,pca_cev_0.90,0.21273705277740104
DSC,pca_cev_0.90,0.2123614721815208
HDB,pca_cev_0.90,0.2112917799423856
SIP,pca_cev_0.90,0.21106571191567472
LPB,pca_cev_0.90,0.20231659839393049
BIC,pca_cev_0.90,0.2003058349074445
CTS,pca_cev_0.90,0.19921907019012522
TDP,pca_cev_0.90,0.19429086476995386
CTR,pca_cev_0.90,0.18858302668630386
STB,pca_cev_0.90,0.1861029112343119
TMT,pca_cev_0.90,0.18349569708605856
VTB,pca_cev_0.90,0.18063777661716765
DRL,pca_cev_0.90,0.179971675859291
TRA,pca_cev_0.90,0.17539996826706344
EVE,pca_cev_0.90,0.17455344499446693
GMD,pca_cev_0.90,0.1626396346874889
GAS,pca_cev_0.90,0.16224453786576026
DVP,pca_cev_0.90,0.15940613206603366
ST8,pca_cev_0.90,0.15620094015241592
DBD,pca_cev_0.90,0.15285051881316217
PDV,pca_cev_0.90,0.14969631023649377
CTG,pca_cev_0.90,0.14672638174112873
FIR,pca_cev_0.90,0.1454563768994057
ELC,pca_cev_0.90,0.14319493443915535
BSI,pca_cev_0.90,0.1361790493892387
DMC,pca_cev_0.90,0.13216910320802583
TMP,pca_cev_0.90,0.12912422010343516
NAB,pca_cev_0.90,0.12618628159323328
VNM,pca_cev_0.90,0.12217465624663247
DHG,pca_cev_0.90,0.11897784792478096
DSN,pca_cev_0.90,0.11142255629371316
SHI,pca_cev_0.90,0.10474742841583684
PVT,pca_cev_0.90,0.1038260382586646
VSH,pca_cev_0.90,0.10181050009680724
SRC,pca_cev_0.90,0.09964679006733553
CKG,pca_cev_0.90,0.09430645273426279
CLL,pca_cev_0.90,0.08592767413835627
TBC,pca_cev_0.90,0.08527809596577521
PVD,pca_cev_0.90,0.07412694196593789
PNJ,pca_cev_0.90,0.07252337835702051
BMP,pca_cev_0.90,0.07175887966351872
KDC,pca_cev_0.90,0.06270473701027147
SAB,pca_cev_0.90,0.06031433716773237
OPC,pca_cev_0.90,0.0570318832934845
TDM,pca_cev_0.90,0.05516550416213067
PGD,pca_cev_0.90,0.05501636742226197
PVS,pca_cev_0.90,0.054822894400633926
FRT,pca_cev_0.90,0.040037835802695806
NCT,pca_cev_0.90,0.03693007319633508
FPT,pca_cev_0.90,0.03461536960331929
REE,pca_cev_0.90,0.027872472041346415
SHP,pca_cev_0.90,0.022464516042099227
VCB,pca_cev_0.90,0.02236060745344584
BCM,pca_cev_0.90,0.01952974094299395
VIP,pca_cev_0.90,0.014638789228195719
DPM,pca_cev_0.95,1.0464440944020164
GAS,pca_cev_0.95,0.9346449062319393
PNJ,pca_cev_0.95,0.8896397405395361
DCM,pca_cev_0.95,0.8765913173428965
BWE,pca_cev_0.95,0.8099602726035912
SHI,pca_cev_0.95,0.8010911451222191
VNM,pca_cev_0.95,0.7573800613935845
AAM,pca_cev_0.95,0.6817680862332971
REE,pca_cev_0.95,0.6049477598740103
VRE,pca_cev_0.95,0.5649843923974619
CLC,pca_cev_0.95,0.5578920950696876
AFX,pca_cev_0.95,0.5477597899708699
BVH,pca_cev_0.95,0.5356729600033575
BIC,pca_cev_0.95,0.5292016674598077
BTP,pca_cev_0.95,0.5218169044670654
DGC,pca_cev_0.95,0.5094762377419298
BAF,pca_cev_0.95,0.502898413950605
CKG,pca_cev_0.95,0.5013845139075961
PVT,pca_cev_0.95,0.5001571301973788
MWG,pca_cev_0.95,0.4904373603120068
MSN,pca_cev_0.95,0.48688019608679545
HQC,pca_cev_0.95,0.48338235730607065
PPC,pca_cev_0.95,0.48113652575959936
NSC,pca_cev_0.95,0.4806331886687144
TCT,pca_cev_0.95,0.47788161941003876
ITD,pca_cev_0.95,0.47581405918798464
FRT,pca_cev_0.95,0.47382668495280034
TDP,pca_cev_0.95,0.46988086441323607
CNG,pca_cev_0.95,0.46892096220005863
PHC,pca_cev_0.95,0.46401018122157633
CMG,pca_cev_0.95,0.45953836493794975
PIT,pca_cev_0.95,0.4549512080041208
LIX,pca_cev_0.95,0.4461638311420807
HCM,pca_cev_0.95,0.44243984287722166
MSB,pca_cev_0.95,0.4412000717734228
AAA,pca_cev_0.95,0.43972826708614854
MSH,pca_cev_0.95,0.4386726866930288
VMD,pca_cev_0.95,0.43279223812263434
VOS,pca_cev_0.95,0.43255726530675914
ACC,pca_cev_0.95,0.431089204102033
ADG,pca_cev_0.95,0.42849810120343446
BMI,pca_cev_0.95,0.4268750993405837
HII,pca_cev_0.95,0.4265122196818938
BRC,pca_cev_0.95,0.4255366050014526
DHC,pca_cev_0.95,0.4218637108268899
KOS,pca_cev_0.95,0.4215452214024461
HTL,pca_cev_0.95,0.4167958405305534
YEG,pca_cev_0.95,0.4121255203049723
FPT,pca_cev_0.95,0.4113408310253097
HTI,pca_cev_0.95,0.41018107561181116
TMT,pca_cev_0.95,0.4080925369491789
HPX,pca_cev_0.95,0.4073792360534574
TIP,pca_cev_0.95,0.4071071173132731
TLD,pca_cev_0.95,0.40680026910864253
KMR,pca_cev_0.95,0.4016693870655469
DGW,pca_cev_0.95,0.39681586026971966
GTA,pca_cev_0.95,0.39434348470129726
NTL,pca_cev_0.95,0.39236797194860673
TMP,pca_cev_0.95,0.38939150373529563
SAB,pca_cev_0.95,0.38859558406070416
SMB,pca_cev_0.95,0.38763140688927195
HDB,pca_cev_0.95,0.38605601350987473
PDR,pca_cev_0.95,0.38558706132611104
FMC,pca_cev_0.95,0.3850613128428657
C47,pca_cev_0.95,0.38241838212360524
THG,pca_cev_0.95,0.3791332594537723
D2D,pca_cev_0.95,0.37782018953663854
PTL,pca_cev_0.95,0.375784859964697
GSP,pca_cev_0.95,0.37556691929298947
FIT,pca_cev_0.95,0.3741553495254228
VGC,pca_cev_0.95,0.3710218480610024
VNE,pca_cev_0.95,0.37020731870279466
HVH,pca_cev_0.95,0.3694370481574535
LBM,pca_cev_0.95,0.3649124239231398
DRL,pca_cev_0.95,0.36446044610231815
VPB,pca_cev_0.95,0.36428120181940427
HTG,pca_cev_0.95,0.36262868587586067
HMC,pca_cev_0.95,0.361867844488565
YBM,pca_cev_0.95,0.3618309487078635
JVC,pca_cev_0.95,0.36179123154063375
IMP,pca_cev_0.95,0.36129930209655087
ADS,pca_cev_0.95,0.3606481227608007
EVG,pca_cev_0.95,0.36036392037469517
ST8,pca_cev_0.95,0.3600070723704853
HAH,pca_cev_0.95,0.3596671453473042
BKG,pca_cev_0.95,0.35752068383385344
DMC,pca_cev_0.95,0.35511652383104725
BCM,pca_cev_0.95,0.35501646194481257
DPG,pca_cev_0.95,0.35389700363207066
PLP,pca_cev_0.95,0.3536762580938922
NVL,pca_cev_0.95,0.3528106164048902
NKG,pca_cev_0.95,0.3519433743888474
BFC,pca_cev_0.95,0.3509121992417444
CII,pca_cev_0.95,0.3503290479604524
DPR,pca_cev_0.95,0.34992409018913256
TCD,pca_cev_0.95,0.3497338060445057
TCB,pca_cev_0.95,0.3492544654755754
DHA,pca_cev_0.95,0.34845195977569515
TRA,pca_cev_0.95,0.3484221664286526
HAX,pca_cev_0.95,0.3470850460656706
HAR,pca_cev_0.95,0.3465909984499721
VPI,pca_cev_0.95,0.3457611871927875
SCR,pca_cev_0.95,0.3452648393671755
SGT,pca_cev_0.95,0.34485780736182065
GEE,pca_cev_0.95,0.3447178204584339
HDG,pca_cev_0.95,0.34421306250246114
SVT,pca_cev_0.95,0.34320344451696516
APH,pca_cev_0.95,0.34180351484979965
DIG,pca_cev_0.95,0.3410152823976323
OPC,pca_cev_0.95,0.3408768746853732
BSR,pca_cev_0.95,0.3395282057446415
PTC,pca_cev_0.95,0.3385047892043405
TPB,pca_cev_0.95,0.33388761598945427
SAM,pca_cev_0.95,0.3334357171070692
SFI,pca_cev_0.95,0.33223288511257243
PAC,pca_cev_0.95,0.33185090996315647
SGR,pca_cev_0.95,0.331446651171468
NHH,pca_cev_0.95,0.3303910175439519
AAT,pca_cev_0.95,0.3298896357691465
DLG,pca_cev_0.95,0.3276731025109692
CCL,pca_cev_0.95,0.32682584953596616
ITC,pca_cev_0.95,0.3256625423142506
FCM,pca_cev_0.95,0.324263734115992
NAV,pca_cev_0.95,0.32398644071638555
ACB,pca_cev_0.95,0.3238956634570285
TDM,pca_cev_0.95,0.32385083109188384
MHC,pca_cev_0.95,0.32367180609759877
CTI,pca_cev_0.95,0.32158993846356926
SMC,pca_cev_0.95,0.3207183779956868
C32,pca_cev_0.95,0.3185562932503764
PC1,pca_cev_0.95,0.3180033358735401
TMS,pca_cev_0.95,0.31793304025827424
HAG,pca_cev_0.95,0.31647467916814415
BMC,pca_cev_0.95,0.3154825285260424
TVB,pca_cev_0.95,0.31481804411186753
NTC,pca_cev_0.95,0.31273567794848317
BID,pca_cev_0.95,0.31165149624660954
VFG,pca_cev_0.95,0.31038941808431536
DTL,pca_cev_0.95,0.3091761254816836
KHP,pca_cev_0.95,0.30529560395472344
TVT,pca_cev_0.95,0.30379735336688446
DRC,pca_cev_0.95,0.30213023184009624
PVP,pca_cev_0.95,0.3020090051084247
HDC,pca_cev_0.95,0.3017200967546026
TTF,pca_cev_0.95,0.30088494903929236
DQC,pca_cev_0.95,0.3002983347343471
ACG,pca_cev_0.95,0.299072343581989
VSC,pca_cev_0.95,0.29550756798375055
TDH,pca_cev_0.95,0.29400694330506916
VCA,pca_cev_0.95,0.2924136821278373
VIX,pca_cev_0.95,0.29235070020231385
SZC,pca_cev_0.95,0.29204584626386837
APG,pca_cev_0.95,0.2902754388192728
PLX,pca_cev_0.95,0.2901583794473113
NVT,pca_cev_0.95,0.28991367938296664
TVS,pca_cev_0.95,0.2893447513500242
FIR,pca_cev_0.95,0.28887302488657407
VPG,pca_cev_0.95,0.28886937985330796
KHG,pca_cev_0.95,0.2887848273990289
GEX,pca_cev_0.95,0.28876504734665853
BCG,pca_cev_0.95,0.2885975895733101
TDG,pca_cev_0.95,0.2883066604262907
ASM,pca_cev_0.95,0.28760012335694785
TSC,pca_cev_0.95,0.28660924505167157
ILB,pca_cev_0.95,0.28496373315314827
TNH,pca_cev_0.95,0.28337670231582324
CTF,pca_cev_0.95,0.2831643612235181
EVE,pca_cev_0.95,0.28261029013023725
CRC,pca_cev_0.95,0.2816433637597632
AGG,pca_cev_0.95,0.27925735531310075
VTP,pca_cev_0.95,0.27897704696934505
DBT,pca_cev_0.95,0.2783092433824432
TRC,pca_cev_0.95,0.27708956850634286
TCO,pca_cev_0.95,0.2754197018020761
UIC,pca_cev_0.95,0.2725895134683851
ACL,pca_cev_0.95,0.2722988926990819
PGC,pca_cev_0.95,0.27180950501696627
HCD,pca_cev_0.95,0.2716337767739212
ORS,pca_cev_0.95,0.2710910609025858
STB,pca_cev_0.95,0.270556447979938
EIB,pca_cev_0.95,0.27022836372709746
BCE,pca_cev_0.95,0.26970740727578546
HAP,pca_cev_0.95,0.26952875037673785
MCH,pca_cev_0.95,0.26730433673842374
CSV,pca_cev_0.95,0.26713894017484385
PAN,pca_cev_0.95,0.26666942995464027
TLH,pca_cev_0.95,0.26611934837869855
SKG,pca_cev_0.95,0.2650809813568136
POW,pca_cev_0.95,0.2650018049279409
TEG,pca_cev_0.95,0.2649376329224133
LGL,pca_cev_0.95,0.26397861365947817
PGV,pca_cev_0.95,0.26258440663003096
ABS,pca_cev_0.95,0.2625437836447951
EVF,pca_cev_0.95,0.2623972865935238
NAF,pca_cev_0.95,0.26200354109100366
IJC,pca_cev_0.95,0.26087978555726044
VIB,pca_cev_0.95,0.2608585359105831
DC4,pca_cev_0.95,0.26055581058928023
SRC,pca_cev_0.95,0.26003499828624616
SZL,pca_cev_0.95,0.2592594539362763
VHM,pca_cev_0.95,0.25820562539911873
CHP,pca_cev_0.95,0.25789146970780774
GMD,pca_cev_0.95,0.2577332065188558
TNT,pca_cev_0.95,0.2572814272663959
TDC,pca_cev_0.95,0.25712933945019045
HT1,pca_cev_0.95,0.256896889635693
VND,pca_cev_0.95,0.2568370085620733
SBV,pca_cev_0.95,0.2560816146857234
DXS,pca_cev_0.95,0.2559266386976523
VRC,pca_cev_0.95,0.2547701088451328
SJD,pca_cev_0.95,0.25437114672401423
CRE,pca_cev_0.95,0.2535472544600628
ASP,pca_cev_0.95,0.2521047939655035
SFG,pca_cev_0.95,0.25073619081023374
DCL,pca_cev_0.95,0.2493027095210714
LCG,pca_cev_0.95,0.24869984907147535
MIG,pca_cev_0.95,0.24811487847700567
HPG,pca_cev_0.95,0.24803013005283442
NHA,pca_cev_0.95,0.24779436539506383
VAB,pca_cev_0.95,0.24728832806029497
OCB,pca_cev_0.95,0.2468744426462299
SHB,pca_cev_0.95,0.24644134470093715
HTN,pca_cev_0.95,0.24579390136093118
SBT,pca_cev_0.95,0.245371662744942
HVN,pca_cev_0.95,0.24451047377599183
GVR,pca_cev_0.95,0.24449685392071488
VJC,pca_cev_0.95,0.24433045682653964
SCS,pca_cev_0.95,0.24368909497719712
DTA,pca_cev_0.95,0.24368648385657335
ASG,pca_cev_0.95,0.24135917501278462
DAH,pca_cev_0.95,0.2403444830856696
KSB,pca_cev_0.95,0.2395235243855175
TTA,pca_cev_0.95,0.23922622636633897
PET,pca_cev_0.95,0.2387061025804585
SSB,pca_cev_0.95,0.2382357972202968
VPD,pca_cev_0.95,0.23802261338882427
VNL,pca_cev_0.95,0.23769917928214923
TN1,pca_cev_0.95,0.23696484268624213
DXV,pca_cev_0.95,0.23610948219651187
VNG,pca_cev_0.95,0.23570975361542432
CMX,pca_cev_0.95,0.2345339457655913
MBB,pca_cev_0.95,0.23409823849014547
AGR,pca_cev_0.95,0.2338471519748561
NLG,pca_cev_0.95,0.23324999001992697
VTO,pca_cev_0.95,0.23300524757468846
CDC,pca_cev_0.95,0.2329300223377418
TYA,pca_cev_0.95,0.23249656758842432
LSS,pca_cev_0.95,0.2321512108265352
SHP,pca_cev_0.95,0.23111348596235512
BSI,pca_cev_0.95,0.2305646857160312
CIG,pca_cev_0.95,0.23011569652291286
HVX,pca_cev_0.95,0.22858479370054957
SHA,pca_cev_0.95,0.22791217876170575
VCI,pca_cev_0.95,0.22727310786406754
HUB,pca_cev_0.95,0.22704580668840504
LDG,pca_cev_0.95,0.22666026829260724
PVS,pca_cev_0.95,0.22475618051356697
HHS,pca_cev_0.95,0.22465936231834738
VID,pca_cev_0.95,0.22433838808813727
NT2,pca_cev_0.95,0.22379205661054316
DBC,pca_cev_0.95,0.2232289579378484
ANV,pca_cev_0.95,0.22120311240702056
DSC,pca_cev_0.95,0.22036264332897929
DXG,pca_cev_0.95,0.219537887568496
SAV,pca_cev_0.95,0.21929025202516134
TCI,pca_cev_0.95,0.21875859823955443
SGN,pca_cev_0.95,0.21806099945155305
NBB,pca_cev_0.95,0.21737406286756145
NNC,pca_cev_0.95,0.21652253364465815
PHR,pca_cev_0.95,0.21650800725252473
SBA,pca_cev_0.95,0.21643056370140457
DAT,pca_cev_0.95,0.21623397537763578
ICT,pca_cev_0.95,0.21622111617483517
CTR,pca_cev_0.95,0.21538410534033234
TNI,pca_cev_0.95,0.21448112821367182
CTS,pca_cev_0.95,0.2141605046073814
KBC,pca_cev_0.95,0.21307270219803773
KDC,pca_cev_0.95,0.21260386869571224
LHG,pca_cev_0.95,0.21234042427267016
SJS,pca_cev_0.95,0.21115269699918124
VDS,pca_cev_0.95,0.21090671330579397
TCH,pca_cev_0.95,0.20670240283291516
FCN,pca_cev_0.95,0.20568230980592586
SVD,pca_cev_0.95,0.20545492928320824
QCG,pca_cev_0.95,0.2023180646742478
VIP,pca_cev_0.95,0.20029321088854796
SIP,pca_cev_0.95,0.2002832749754167
ELC,pca_cev_0.95,0.19957777054337955
HSG,pca_cev_0.95,0.19945625439909895
VIC,pca_cev_0.95,0.19884473318027204
BHN,pca_cev_0.95,0.1968421204092048
GDT,pca_cev_0.95,0.1967784412669447
SSI,pca_cev_0.95,0.1965525809701257
DHM,pca_cev_0.95,0.1960291644408171
OGC,pca_cev_0.95,0.1921631639092356
HHP,pca_cev_0.95,0.19099843375259265
DSN,pca_cev_0.95,0.1889818817532563
PVD,pca_cev_0.95,0.18509151690624007
LPB,pca_cev_0.95,0.1841932638764555
FTS,pca_cev_0.95,0.17854029547869524
HHV,pca_cev_0.95,0.17661395860998447
HNA,pca_cev_0.95,0.1735683466224843
HSL,pca_cev_0.95,0.17272230426624002
TV2,pca_cev_0.95,0.1705336224385642
CTG,pca_cev_0.95,0.16555308751639747
BMP,pca_cev_0.95,0.1571455961540077
PDV,pca_cev_0.95,0.151974617496679
DBD,pca_cev_0.95,0.15121030181582099
VSH,pca_cev_0.95,0.14705510031951033
VTB,pca_cev_0.95,0.13102299248082605
NAB,pca_cev_0.95,0.10035079443626009
PGD,pca_cev_0.95,0.10006415488700447
DVP,pca_cev_0.95,0.09524554151990856
DHG,pca_cev_0.95,0.09510179573681056
NCT,pca_cev_0.95,0.08801593456122185
TBC,pca_cev_0.95,0.08313044198274629
CLL,pca_cev_0.95,0.06210966388845486
VCB,pca_cev_0.95,0.04771139512168709
