Symbol,n_outliers,min_val,max_val,mean_val
AAA,42,6410.0,8880.0,7900.714285714285
NHH,42,10050.0,14100.0,12492.857142857143
LDG,42,1600.0,2300.0,1968.5714285714287
LGL,42,2880.0,3380.0,3144.7619047619046
LHG,42,24300.0,37100.0,31851.190476190477
LIX,42,26000.0,32850.0,30592.85714285714
LSS,42,8470.0,11050.0,10234.047619047618
MSB,42,8333.33,10166.66,9526.782142857142
MSH,42,39250.0,61700.0,52661.90476190476
MSN,42,50300.0,71100.0,64152.380952380954
NAB,42,12360.0,15000.0,13486.666666666666
NAF,42,16272.7,19772.7,18521.64285714286
NBB,42,20400.0,22950.0,21775.0
NCT,42,95000.0,115900.0,109035.71428571429
NLG,42,25950.0,35300.0,31584.52380952381
LBM,42,26000.0,33950.0,30142.34761904762
NNC,42,28050.0,32450.0,30189.285714285714
OCB,42,8378.67,10056.17,9549.486904761905
OGC,42,3780.0,5500.0,4702.380952380952
PAC,42,18128.4,25814.3,22416.1
PAN,42,20600.0,28350.0,25335.714285714286
PGC,42,13500.0,15800.0,15127.380952380952
PHC,42,4600.0,5560.0,5260.238095238095
PHR,42,40850.0,68000.0,56876.19047619047
PIT,42,6300.0,6940.0,6580.0
PLX,42,30950.0,44500.0,38504.76190476191
PNJ,42,62800.0,94200.0,81038.09523809524
PTC,42,5120.0,6080.0,5640.952380952381
LCG,42,7467.3,10280.4,9257.004761904762
LAF,42,15500.0,22600.0,18615.47857142857
PVS,42,20000.0,33271.0,27892.730952380953
HPG,42,17750.0,23458.3,21984.123809523808
GMD,42,42200.0,61500.0,54284.52380952381
GSP,42,8876.1,11688.3,10850.27619047619
GVR,42,22300.0,34950.0,29783.333333333332
HAH,42,34303.1,48884.8,40448.16904761905
HAX,42,13350.0,18000.0,15746.42857142857
HCM,42,23700.0,32450.0,29109.52380952381
HDB,42,14033.5,18351.5,16913.957142857143
HDC,42,18705.4,24910.7,21949.414285714287
HHP,42,8340.0,9290.0,8837.857142857143
HHS,42,8240.0,11300.0,9652.619047619048
HID,42,2500.0,2860.0,2710.2380952380954
HII,42,3900.0,4700.0,4435.238095238095
HQC,42,2540.0,3470.0,3125.9523809523807
KSB,42,13950.0,20950.0,17777.380952380954
HTG,42,35700.0,50200.0,44403.57142857143
HTI,42,16950.0,19000.0,18094.04761904762
HTN,42,7710.0,11550.0,9879.285714285714
HUB,42,13478.3,15826.1,15169.766666666668
HVH,42,9220.0,15400.0,11601.904761904761
ICT,42,11300.0,14100.0,13465.47619047619
IJC,42,10550.0,15950.0,13307.142857142857
ILB,42,25900.0,34350.0,30051.807142857142
ITD,42,10373.8,13925.2,12407.645238095238
KBC,42,20600.0,30650.0,26894.04761904762
KHP,42,9200.0,11400.0,10513.333333333334
KOS,42,38450.0,39500.0,38776.19047619047
PVP,42,12850.0,16800.0,15146.42857142857
PVT,42,14090.9,20227.3,17826.483333333334
GDT,42,18400.0,23950.0,22092.85714285714
VJC,42,79100.0,99100.0,92004.76190476191
TVB,42,5950.0,8300.0,7470.238095238095
TYA,42,12150.0,17600.0,15429.761904761905
VAB,42,5886.63,7407.89,6867.734047619048
VCA,42,9850.0,13600.0,11585.238095238095
VCF,42,212200.0,280000.0,244921.42857142858
VCI,42,32050.0,39450.0,37545.23809523809
VDS,42,12045.5,18909.1,16117.961904761905
VIB,42,14301.0,17803.0,16427.714285714286
VIC,42,20600.0,35500.0,28184.52380952381
VID,42,5010.0,5440.0,5189.285714285715
VIP,42,12050.0,16000.0,13908.333333333334
VIX,42,9952.4,12333.3,11530.611904761905
VNE,42,2360.0,3300.0,2910.2380952380954
TTF,42,2340.0,3200.0,2866.904761904762
VNG,42,7350.0,8500.0,7940.952380952381
VNL,42,16450.0,21350.0,19645.123809523808
VOS,42,11250.0,16600.0,14628.57142857143
VPD,42,24200.0,26900.0,25777.380952380954
VPG,42,9170.0,12700.0,11579.52380952381
VPH,42,5200.0,6780.0,6106.190476190476
VPI,42,52000.0,59500.0,56650.0
VRC,42,11250.0,15800.0,13776.190476190477
VRE,42,17400.0,23650.0,19464.285714285714
VSC,42,13950.0,22400.0,17815.47619047619
VTP,42,96800.0,158300.0,129771.42857142857
YBM,42,10550.2,14786.3,12469.407142857142
TV2,42,27900.0,35900.0,32870.23809523809
TTA,42,8914.29,12285.71,10873.01738095238
QCG,42,8650.0,13400.0,11359.285714285714
SMC,42,5700.0,9220.0,6768.571428571428
RAL,42,102900.0,128400.0,117393.57142857143
REE,42,53043.5,65217.4,60668.72142857142
SAB,42,42600.0,52000.0,49245.23809523809
SAM,42,6000.0,7630.0,6881.428571428572
SBG,42,10700.0,13200.0,12384.52380952381
SBT,42,13550.0,17000.0,15321.42857142857
SCR,42,5070.0,6900.0,6183.809523809524
SGN,42,63000.0,97000.0,81538.09523809524
SHI,42,13809.5,15047.6,14080.5
SHP,42,34000.0,37500.0,35841.71428571428
SJS,42,31042.5,41698.8,37279.811904761904
SKG,42,8960.0,12850.0,11274.285714285714
STK,42,13000.0,18793.1,16693.757142857143
TSC,42,2550.0,3140.0,2746.190476190476
TAL,42,21006.46,26683.88,24133.549523809525
TCD,42,1840.0,4300.0,2567.6190476190477
TCI,42,7490.0,9960.0,8697.619047619048
TCL,42,32000.0,44900.0,38705.29761904762
TCM,42,27800.0,41095.1,35535.409523809525
TDC,42,9540.0,13300.0,11491.42857142857
TDG,42,3110.0,4230.0,3786.4285714285716
TIP,42,16900.0,22800.0,20502.380952380954
TLD,42,5380.0,6410.0,6112.857142857143
TNI,42,1780.0,2380.0,2129.5238095238096
TPB,42,10387.4,14826.5,12833.123809523808
TRC,42,59100.0,85100.0,74157.14285714286
GEE,42,48783.86,78166.79,58149.57023809524
MIG,42,13266.0,17163.0,15656.119047619048
GAS,42,47861.0,65102.2,59799.27857142858
D2D,42,36700.0,43000.0,39923.80952380953
CLL,42,32050.0,36000.0,34695.23809523809
CMG,42,26227.3,40545.5,34088.759523809524
CNG,42,26000.0,31700.0,29767.85714285714
CSM,42,10000.0,15800.0,13122.619047619048
CTD,42,60521.9,90359.2,78019.99047619048
CTF,42,18750.0,22100.0,20471.428571428572
CTG,42,23181.1,29250.7,27362.247619047615
CTI,42,17200.0,23400.0,20603.571428571428
CTR,42,73900.0,120400.0,99195.23809523809
CTS,42,30500.0,40550.0,36579.76190476191
DAH,42,2800.0,3700.0,3317.1428571428573
CII,42,9210.5,12675.4,11574.766666666666
DBC,42,19087.0,26957.0,24583.85714285714
DC4,42,10750.0,14300.0,12739.285714285714
DCM,42,25200.0,35500.0,32527.380952380954
DGC,42,73100.0,113300.0,98230.95238095238
DHM,42,6540.0,8000.0,7277.142857142857
DIG,42,14200.0,21050.0,18184.52380952381
DLG,42,1790.0,2260.0,2036.904761904762
DMC,42,53800.0,71000.0,64695.23809523809
DPG,42,26129.0,32939.8,30454.311904761907
DPR,42,34650.0,52500.0,43076.19047619047
CKG,42,13088.22,20500.0,18000.27119047619
CIG,42,6900.0,9200.0,7942.142857142857
DRL,42,54710.0,59000.0,57688.72619047619
BAF,42,27950.0,35100.0,32692.85714285714
ABS,42,3290.0,4700.0,4025.714285714286
ABT,42,38700.0,49700.0,44508.94761904762
ACL,42,9000.0,11700.0,10536.666666666666
ADS,42,7050.0,9590.0,8602.142857142857
AFX,42,6400.0,8000.0,7242.857142857143
AGG,42,14950.0,17900.0,16494.04761904762
ANV,42,12400.0,17600.0,16055.952380952382
APH,42,5910.0,7270.0,6849.761904761905
ASP,42,4140.0,5120.0,4915.952380952381
AST,42,48550.0,57700.0,55175.0
BCE,42,9850.0,10650.0,10275.714285714286
CCL,42,5690.0,8350.0,7202.380952380952
BCG,42,2850.0,5760.0,3717.6190476190477
BCM,42,52000.0,81800.0,69159.52380952382
BFC,42,34500.0,43500.0,40525.0
BIC,42,17967.5,21076.2,20010.761904761905
BID,42,32450.0,41400.0,38046.42857142857
BKG,42,2420.0,3270.0,3002.3809523809523
BRC,42,12200.0,14350.0,13752.380952380952
BTP,42,10900.0,12400.0,11938.095238095239
BVH,42,39100.0,57700.0,50027.380952380954
C47,42,5600.0,7800.0,6771.666666666667
DRC,42,13487.9,21072.5,17983.895238095236
YEG,42,10400.0,16600.0,13572.619047619048
FRT,42,99280.0,146400.0,131182.85714285713
DXS,42,5320.0,7600.0,6742.142857142857
DTA,42,3980.0,5660.0,4669.047619047619
FCN,42,11150.0,15550.0,13997.619047619048
FCM,42,3690.0,4830.0,4039.5238095238096
FTS,42,35500.0,51700.0,45659.52380952381
DXG,42,12300.0,16950.0,15419.047619047618
EVF,42,7940.0,11150.0,9817.619047619048
HPX,41,3460.0,4660.0,4277.804878048781
VGC,41,36650.0,52200.0,45980.48780487805
EIB,41,15600.0,22250.0,19480.48780487805
SIP,41,48292.67,79368.7,67833.55951219512
SJD,41,13650.0,14850.0,14536.585365853658
KHG,41,4900.0,6010.0,5456.341463414634
SHA,41,3676.2,4114.3,3961.9048780487806
CHP,41,27462.7,34435.9,30812.102439024387
KDH,41,22045.5,30681.8,27445.67804878049
SMB,41,38300.0,42400.0,41295.12195121951
CDC,41,13269.8,16666.7,14493.848780487806
VFG,41,60000.0,73400.0,68643.32195121952
HAR,41,2830.0,3680.0,3318.048780487805
SHB,41,9920.0,13200.0,11697.560975609756
SGR,41,24150.0,40000.0,33145.12195121951
SGT,41,15700.0,20250.0,18385.365853658535
HAP,41,4400.0,5500.0,4868.048780487805
AGR,41,13650.0,18700.0,16785.365853658535
FMC,41,33300.0,49450.0,42897.560975609755
BMC,41,18600.0,27450.0,22559.756097560974
GEX,41,20450.0,26986.9,23958.148780487805
APG,41,8410.0,12500.0,10207.073170731708
CMX,41,6070.0,8350.0,7555.8536585365855
HSL,41,3330.0,4260.0,3982.439024390244
SSI,41,20600.0,27150.0,25001.219512195123
ASM,41,5354.5,7609.1,6716.851219512196
VHM,41,42050.0,62300.0,51125.60975609756
HSG,41,12500.0,19050.0,16265.88780487805
SCS,41,52400.0,75200.0,66258.53658536586
VHC,41,43750.0,72300.0,59359.756097560974
CLC,41,45350.0,51500.0,49831.70731707317
SSB,41,18100.0,20650.0,19381.70731707317
VCG,41,16264.4,20017.8,18997.69024390244
ST8,41,6060.0,8660.0,7345.8536585365855
TLH,41,4260.0,6200.0,5421.463414634146
TVS,41,12077.7,16785.9,15069.38780487805
TEG,41,4900.0,6700.0,5928.780487804878
THG,41,40875.7,54857.3,47376.0512195122
BSI,41,39818.2,53636.4,47839.256097560974
HDG,41,17909.1,25545.5,22945.670731707316
TLG,41,37225.1,56249.3,47640.358536585365
TMT,41,10300.0,16200.0,13178.048780487805
TDM,41,51200.0,54800.0,53178.04878048781
EVG,41,4860.0,6700.0,6059.756097560976
TNH,41,13130.43,16869.56,15779.423414634146
BMP,41,106700.0,144600.0,124639.0243902439
TNT,41,4330.0,5640.0,4944.634146341464
BMI,41,15928.3,18597.3,17963.131707317072
HHV,41,9524.0,12524.0,11520.317073170732
TDP,41,32700.0,34650.0,33462.19512195122
TDH,41,2420.0,4330.0,3081.2195121951218
STB,41,33100.0,40650.0,38579.26829268293
SZL,41,38000.0,49400.0,43817.07317073171
CRE,41,6280.0,7350.0,6953.90243902439
ELC,41,17428.6,26000.0,22020.897560975613
FIT,41,3850.0,5110.0,4314.390243902439
SVD,41,3020.0,3350.0,3227.8048780487807
VCB,41,52500.0,93300.0,63472.170731707316
SZC,41,28000.0,45950.0,38700.0
FIR,41,6163.6,8054.5,7033.256097560976
BSR,41,9009.0,12755.0,11134.073170731708
TCB,41,23600.0,28000.0,26742.682926829268
TCH,41,11771.8,15422.3,14158.814634146342
BWE,41,39600.0,48900.0,44465.85365853659
TCO,41,10250.0,12400.0,11502.439024390244
TCT,41,15500.0,18200.0,17226.829268292684
EVE,41,8330.0,10950.0,10028.292682926829
CRC,41,5877.2,7886.0,6620.446341463415
HT1,41,9300.0,12650.0,11522.19512195122
DXV,41,3630.0,4130.0,3927.317073170732
NVL,41,8100.0,11450.0,10203.658536585366
DHG,41,89600.0,102200.0,98446.34146341463
DHC,41,24900.0,34684.0,30567.634146341465
DHA,41,34550.0,40900.0,38914.634146341465
MWG,41,46250.0,63000.0,58457.31707317073
DGW,41,28750.0,41500.0,36447.560975609755
GIL,41,13300.0,18000.0,16248.780487804877
IDI,41,5450.0,8000.0,6903.658536585366
DCL,41,19850.0,24700.0,22990.243902439026
NHA,41,19250.0,27950.0,24154.878048780487
ACB,41,21800.0,26650.0,25203.658536585364
NKG,41,11300.0,16150.0,14092.682926829268
DBD,41,44650.0,58400.0,53107.31707317073
CSV,41,28550.0,44200.0,37097.560975609755
NT2,41,16250.0,20750.0,19034.146341463416
NTC,41,124471.07,231574.08,186880.7536585366
MHC,41,7400.0,8690.0,8061.707317073171
MCP,41,26163.0,27961.2,27138.858536585365
MCM,41,24404.44,30552.12,28053.063902439026
JVC,41,3920.0,5660.0,4832.682926829269
KMR,41,2830.0,3390.0,3201.951219512195
AAT,41,2600.0,3340.0,3103.9024390243903
KDC,41,53800.0,58500.0,56095.12195121951
DQC,41,8720.0,11050.0,10037.317073170732
DSC,41,11044.0,13917.0,12780.121951219513
DPM,41,15412.5,20393.2,18894.941463414634
DSE,41,19050.0,27650.0,23518.29268292683
MCH,41,107756.84,147074.84,130219.83195121952
ITC,41,8910.0,12050.0,10679.756097560976
IMP,41,38750.0,52000.0,45170.73170731707
VTO,41,10900.0,16800.0,13929.268292682927
LPB,41,30800.0,35950.0,33880.48780487805
DSN,41,45400.0,52700.0,49453.95853658536
MBB,41,15534.2,18656.1,17732.27804878049
NTL,41,12300.0,18500.0,15882.926829268292
NO1,41,6780.0,8580.0,7727.804878048781
PGV,41,17200.0,20000.0,19312.19512195122
PDR,41,13935.2,19259.3,17025.751219512196
VND,41,12650.0,15900.0,14779.268292682927
PLP,41,3820.0,5050.0,4580.731707317073
HAG,41,9810.0,13300.0,12177.073170731708
FPT,41,90616.1,122086.0,105569.81951219511
VNM,41,52000.0,63500.0,59502.439024390245
POW,41,8207.5,10786.3,9991.592682926828
DVP,41,70700.0,83900.0,78904.87804878049
PPC,41,10550.0,11900.0,11531.707317073171
VNS,41,9700.0,10600.0,10324.390243902439
ADP,41,28700.0,31500.0,29539.024390243903
PET,41,16700.0,24500.0,21219.51219512195
PDV,41,9878.62,12850.23,11874.714634146341
VPB,41,15950.0,20200.0,18263.414634146342
PTB,41,48000.0,60800.0,54785.365853658535
HVN,41,25800.0,32800.0,29343.90243902439
ACC,41,14000.0,14750.0,14452.439024390244
OPC,41,21800.0,24600.0,23176.829268292684
PVD,41,16650.0,24600.0,20914.634146341465
ADG,41,9060.0,10700.0,10128.292682926829
PTL,41,2000.0,2730.0,2486.3414634146343
ORS,41,7240.0,14600.0,10481.707317073171
PC1,41,16043.5,20869.6,19252.38536585366
SRF,40,9000.0,10000.0,9659.25
TVT,40,13450.0,17550.0,16181.25
VSH,40,49600.0,54000.0,52485.0
HMC,40,10900.0,13050.0,12120.0
HTL,40,25500.0,29700.0,28385.0
TMP,40,62600.0,67800.0,66117.5
ACG,40,34400.0,40000.0,37951.25
NSC,40,77000.0,88800.0,83722.5
HVX,40,2400.0,2770.0,2613.0
C32,40,8150.0,9950.0,9458.125
SBA,40,29100.0,31000.0,30058.75
SAV,39,15300.0,20700.0,18587.17948717949
TRA,39,66400.0,77300.0,74333.33333333333
VMD,39,15500.0,17900.0,16775.641025641027
ASG,39,16850.0,17900.0,17532.05128205128
SFG,39,9400.0,11200.0,10596.923076923076
SFI,39,24000.0,30000.0,28212.82051282051
AAM,39,6420.0,7200.0,6926.923076923077
TNC,38,27250.0,37500.0,32398.684210526317
SVT,38,11450.0,13200.0,12315.78947368421
DBT,38,9906.5,11495.3,11148.52894736842
VDP,38,33000.0,36500.0,34998.56578947369
UIC,37,33800.0,49250.0,42201.35135135135
RYG,37,10450.0,13450.0,12147.297297297297
TPC,37,10600.0,12000.0,11355.405405405405
PDN,37,75144.2,92809.7,82371.74054054054
TCR,36,3000.0,3400.0,3190.0
SVC,36,13500.0,15500.0,14606.152777777777
SBV,36,7619.0,8885.7,8517.191666666668
VPS,36,8530.0,9800.0,9298.333333333334
VSI,35,16200.0,19450.0,17785.714285714286
NVT,35,7250.0,8380.0,7942.857142857143
PNC,35,16050.0,20700.0,18515.714285714286
HTV,35,8450.0,9540.0,9225.714285714286
TMS,35,37000.0,43500.0,41995.71428571428
NAV,35,16300.0,21000.0,18762.485714285714
VTB,34,9430.0,10200.0,10005.29411764706
ABR,34,11800.0,14750.0,13484.35294117647
PGD,34,27500.0,30850.0,29583.823529411766
DTL,34,9400.0,10850.0,10177.941176470587
TN1,34,8236.5,9180.8,8830.064705882352
COM,33,26100.0,33300.0,30198.990909090906
BHN,32,35000.0,38600.0,36796.875
CCI,32,19550.0,23400.0,21029.6875
NHT,31,9900.0,11350.0,10972.58064516129
DAT,31,6400.0,8020.0,7276.129032258064
SC5,30,15800.0,19600.0,18063.333333333332
S4A,29,35100.0,37450.0,36303.44827586207
TBC,29,37300.0,41150.0,39441.379310344826
VAF,29,14900.0,20800.0,18241.379310344826
SPM,29,10700.0,12450.0,11681.034482758621
GTA,28,9460.0,11100.0,10534.642857142857
TDW,28,52000.0,68000.0,59821.42857142857
PGI,27,22200.0,25400.0,23175.925925925927
HNA,27,20832.0,24096.0,23281.777777777777
CMV,26,7440.0,8740.0,8247.692307692309
SRC,25,24000.0,27900.0,26080.0
LM8,25,12750.0,14600.0,13848.0
HU1,25,5800.0,6870.0,6218.8
STG,23,32900.0,41000.0,37189.13043478261
TIX,22,36000.0,39550.0,37602.27272727273
SSC,21,30300.0,36350.0,33445.23809523809
CVT,21,25400.0,29850.0,27378.571428571428
HRC,21,29900.0,42650.0,37223.80952380953
PJT,20,9400.0,11100.0,10420.0
SMA,19,9000.0,12500.0,10176.315789473685
QNP,18,32400.0,36700.0,34141.666666666664
DTT,16,14900.0,19000.0,16718.75
SVI,16,52000.0,67500.0,57225.0
DRH,14,1770.0,2280.0,1975.0
HAS,12,7500.0,8510.0,7928.333333333333
SFC,12,23500.0,26000.0,25004.166666666668
PMG,11,7720.0,8800.0,8193.636363636364
MDG,8,12800.0,15750.0,14231.25
FDC,4,16800.0,17000.0,16900.0
TTE,4,37350.0,43200.0,39537.5
CLW,4,43300.0,47000.0,45012.5
