,PC1,PC2,PC3,PC4,PC5,PC6,PC7,PC8,PC9,PC10,PC11
AAA,0.06700917607767075,0.011616626625357439,-0.030885340132377186,0.07656743063975685,-0.02082323308340201,0.05066378730133265,0.06764666715937286,-0.014200309440779223,0.004166332780625969,0.04719668773654013,-0.03655008690909386
AAM,0.049913677371514684,-0.04723857044252714,-0.07284999528657754,0.04230967313824962,-0.047648485879344185,0.0251307995794044,-0.14854457392977993,0.13554047673223282,-0.029649863772130393,-0.11995941985461972,-0.05349234754452582
AAT,0.06366134325850646,-0.047870627253108027,0.05663127987561406,0.028422574643287676,0.043744843743856274,0.012261027115899098,0.03433472386616425,-0.019850960292547706,0.009385201102580478,-0.006566408026859832,0.014096163206144641
ABS,0.06556124263838187,-0.04893132043614387,0.02937001571581336,0.022544408007526037,0.03285170676705939,-0.006762061917403297,0.015532527258312693,-0.004687544242560514,0.023019340839695795,0.012190854242548236,0.021979230278823828
ACB,0.06286299548590378,0.04122394233387567,-0.035072219027180024,-0.061835374091968806,-0.01978972021870541,0.0788533019109957,0.03658361205182013,-0.02060141539790897,-0.015400085869374061,0.08822311101711507,-0.02104282682914674
ACC,0.051019928877773894,-0.048666775053223796,-0.023493780974123035,0.06243974643301267,0.10405794274453053,0.11292138357028442,0.07148075322698338,0.07190279443792227,-0.041188989583581075,-0.036039560230780664,0.16504232480143752
ACG,0.06417954491555614,-0.04342551099469118,0.049436392606096245,0.0028104731399012147,0.03636209972276657,0.0022284272467775795,0.025827956886197635,0.008563157001252573,-0.047127708972404855,0.029724757749507665,0.09953956091711506
ACL,0.06448693854589399,-0.019463229978814948,0.057799413776388045,0.07794692125121949,-0.020270635563293494,-0.009357642370917992,-0.018629008908902723,-0.04494497019195889,-0.056142957156926424,0.03342072314547301,0.05922519604049599
ADG,0.05513406788842757,-0.05798306487953613,-0.06833344514776395,0.06483231768019079,0.029596006844943182,-0.006354153136974933,0.07154049805666357,0.08629188906368013,-0.013916354082065707,-0.013461614140036786,0.007951081162735435
ADS,0.06806736793038548,0.007431714160888246,-0.0012840155942181724,0.040024205648330806,-0.049863936353024996,-0.08919794669002237,0.042420929016445605,0.032434560845328995,0.04780016765760412,0.04564132454609709,0.023682092767137716
AFX,0.055571443722411386,-0.06568568894961951,0.007227202191958487,-0.0066410367435207765,0.0058970151637852235,-0.07645173609254777,-0.11269943169315552,-0.026985705948558186,0.0658950345656088,0.022160965948766213,-0.06259156160712952
AGG,0.061283812659238296,-0.05888760080713132,-0.016729855309442074,-0.03401366009414779,0.03767919383395333,-0.041210722560164025,-0.024381975593873343,0.03466356091670046,-0.04654153361980822,0.049301628507389526,-0.03585510049416336
AGR,0.05188559282479064,0.08332207330903114,-0.042846225763216055,-0.017455967659289265,0.017222896935670202,-0.041403259455654685,0.01962021215007936,-0.03116025419860628,-0.012525859051570597,0.003482719753662876,-0.02256030101676015
ANV,0.05649683898190827,-0.056912311109483193,0.09006657924709527,0.03966979719037773,0.016510676140767615,0.029401922054189435,0.008862552131149191,0.054590810853848155,-0.06673203929492098,-0.004128879183140456,0.032350785202716566
APG,0.055477334269995474,0.06572706783266986,-0.06152315889854162,-0.07059275469127121,-0.03391026519282201,0.029135432779750264,0.030316656186617358,-0.02547828447150742,0.00520949624745122,0.016150349959951016,0.0020386277421437756
APH,0.06733209896489566,-0.038044901477151734,0.024976654203721832,0.041277530018018094,-0.012487732836647437,0.011247829913119756,0.03975306404958418,-0.03735806080389946,0.022116462179907648,-0.005623523317823535,-0.007224693920385668
ASG,0.058577681654129625,-0.06407477241581078,-0.01987427806675811,-0.0607474076484811,-0.007878370936672045,0.005651812432118557,0.01811052571968666,-0.008733598336570114,-0.04985438581531948,0.06716196255994698,0.00908457763321515
ASM,0.0681747118812789,-0.020421084979023802,0.0453109153744807,0.037925709308910024,0.0010587675003339131,0.01287381698639976,-0.022767767863686048,0.04919023560157877,0.050015222683274345,-0.002679234591477928,-0.014588142635197096
ASP,0.06597232060970158,-0.028661252956017767,-0.054199079914527125,0.04207813762269704,-0.021643392036230374,-0.03739388126033076,-0.011542364130259027,0.028151826245954394,0.051306370839422515,-0.015292072041985183,0.03664051751507774
BAF,0.06624298651888591,-0.006400348108198192,0.011781266523098194,-0.027078068162124356,-0.03173674673610756,0.015097868282464256,0.08737839060451155,0.03798380130229381,-0.11703118198661536,0.010916845721243896,-0.08541681646550991
BCE,0.06940100576716793,-0.0285293601976728,-0.036087416963287974,-0.010024164413838767,-0.02211142564124574,-0.00598750037740225,0.014879325316250294,0.01202920656725146,0.02506192218630908,-0.019748315336455453,-0.0032988377499970018
BCG,0.0663794588891856,-0.03207550487042868,0.051937431524186776,0.05415483694486379,0.007179415673831015,-0.01776903770282312,0.023482837024222443,-0.028784347114894547,0.009490402333946503,-0.027926959837405285,0.03673262134504421
BCM,0.0033124883651909232,-0.07841062386291682,-0.08173497878024043,0.054082356224540974,0.14581213190726344,0.1292119493513737,-0.08256240685140176,0.08203851929368,0.15217684275988028,-0.056874505221840684,0.16417899534085056
BFC,0.06407129892560874,0.031782254729342305,0.025133634416951975,-0.06287863467821138,-0.04120933267362736,0.043753319718626255,-0.0423196832082826,0.09274604848086747,-0.014700596467945942,-0.04296439509944268,-0.09797482142216822
BHN,0.05947164979113109,-0.0709344976065986,0.007759169473797316,-0.011215138768548336,-0.0218086023923724,0.02152579536492826,-0.003745772896302144,-0.005217044047056806,-0.010009471109619894,-0.03352101647154714,0.003705493088518654
BIC,0.033974375264256486,0.03700114118952878,-0.04195382263826171,0.08335468686966926,-0.010114071020262497,0.1630992206473627,-0.12304681909391171,0.1476610506502862,0.1832167363647191,-0.08433382840863471,-0.07529480262172354
BID,0.0469726302432409,0.051761326308552805,-0.08517010665768884,-0.07686477845298373,0.005138212704474862,0.14167083665201283,0.04488914008763978,-0.03988151843990444,0.0675243621144331,0.10291296846055283,0.017953893999679636
BKG,0.06877514657366844,-0.022398227197130062,0.02652012579016194,0.010622351631722952,0.029495408300009292,-0.04519945113348207,0.04120351773749516,0.019125500507838955,0.055303847276492235,-0.047697285077680604,0.024962104859770694
BMC,0.06010140771081372,0.040592971539653064,-0.04996275095637333,-0.07204458816128831,0.04423117341785821,0.07609873144678889,-0.03351625077288533,0.07519213565085243,-0.014626899107416819,-0.014223770087620855,-0.03235512139874874
BMI,0.0676922402976888,-0.00886942318323511,-0.008974671330324915,0.03491398107260524,-0.039643406426775586,0.019230874247397296,-0.06278156520852596,-0.008474846726270593,-0.00661698146319647,0.060418871255744834,0.14911859630503196
BMP,-0.01217120363646497,0.12053044479549954,0.03335629312060092,0.025252833730759976,0.029366711933225403,0.01595566273524937,0.03081538250544036,-0.004363801363295081,0.09034814995821949,0.02522926117259348,-0.10789533976378868
BRC,0.06655756485749006,0.02552888035994976,-2.711204503433198e-05,-0.038621819860035385,0.04647441768825858,-0.01738187792976252,0.06330902216702165,0.021684494373803948,0.02949869949841727,0.056879628050276757,-0.0603604050660484
BSI,0.023097670266159703,0.1172714131409314,0.036274610068316324,-0.02451272202461914,0.01656675165494795,0.02000078589301919,0.04413090528073151,-9.855302020418784e-05,-0.00810826396972606,-0.0181166362795181,-0.03831253670464641
BSR,0.061960271054153505,0.0006475432463183834,0.08001372764762053,0.026345796365387766,-0.0030363695438007277,-0.013291192090307758,-0.04043010679998125,-0.020128231700766632,-0.16544119307288624,0.1458549490278776,0.02752988702020017
BTP,0.05458575108133465,0.05186596068812386,0.0013268029505914163,-0.06893111595423415,0.06473195626000541,0.03200440852279206,0.10023457728340193,-0.038434857988628814,0.07871015969841037,0.0902342471553543,-0.07053639808498802
BVH,0.04996789533650743,-0.07486235777851323,-0.02705046182914144,0.007574198881290285,-0.007423613667752014,0.1024324274560131,-0.1126153494948237,0.023574471335633052,0.03330173615320994,-0.011396697040232313,0.017039825971887985
BWE,0.05828728663261973,-0.0224963655947857,-0.03760094513529313,0.042677133071464694,-0.08129888191676497,0.027428958205429687,-0.17881916317126098,0.04346177681818482,-0.058514616540120294,0.0005182502495019396,-0.03643265502161426
C32,0.05821413459769668,-0.06505955722550442,0.037506513789352436,0.05783841340309672,0.022482826642377725,0.03294504424937406,0.03885166109227364,-0.01363836251941913,0.004140512585584265,0.04196331866694416,0.0006057624279417697
C47,0.065491270249348,-0.029057710769873856,0.06578048659308489,0.03659715513250157,0.006816370087093669,0.021761843207114148,0.051266899302583734,-0.04409823981210888,0.002174382031624448,-0.009531973847402588,-0.021526958650688013
CCL,0.07086401644474608,0.012377653715658306,-0.012950301668252161,-0.029525464504031613,0.015061726637017093,0.013377676905768568,0.032796320011977374,-0.027510949918526886,-0.019393689957878973,0.0008521582361807457,-0.04544892494497316
CDC,-0.0428641576606222,0.07617457735140454,0.08780573423777341,0.0032535589115040646,0.047133793588991627,0.043313247300912,-0.02070116298626043,-0.059858521675368856,-0.028062741301733106,-0.14743993608808073,0.06558239235811841
CHP,-0.03896044247775789,0.08341200771635147,0.09260370047479768,0.030516750858747207,0.011410287660867205,0.09841921147019572,0.03510616366232891,0.053388719952363474,0.07346208515628183,0.049898974183474346,0.06702233589350788
CIG,0.06856615746253038,0.022575662601575827,-0.011720837751898458,0.01595185221121414,0.018248913453943746,-0.052091508580132215,-0.005496969667807148,0.039727013232785616,0.027295958460457532,-0.09073485700966576,-0.035385176653700764
CII,0.06579309407234697,0.026495749224752424,0.011087253194075867,0.04898553133381291,0.08330734991958244,-0.007879374262256971,-0.037595518162601635,-0.045909357963605825,0.07655739822031538,-0.019337835853843743,0.06275264629968987
CKG,0.01599555408116415,0.037088378775756506,-0.1343373563050653,-0.005179784230086568,0.2246103174520482,-0.057464147647867364,-0.10403042508685033,0.10945629865433658,0.009589948098886376,-0.013802100456672168,0.046721556975416176
CLC,0.03731226752372744,0.08740174885915974,0.054055332828953334,-0.014642079924369403,0.012405736838489346,0.0937775356017631,0.12726673431795457,0.07519846849343634,-0.04021936060025991,0.1605555980411291,0.027303928640767573
CLL,0.01457440841955761,0.12389897289872569,0.01788051209666594,-0.006863425167836334,0.015419568956884386,-0.027508961119880434,-0.0027671045151345035,0.011824536458810249,0.01413577245440606,0.059779300967329245,0.020524243726637168
CMG,0.048367174133894235,0.03658441232052391,0.1212388464809335,0.07957705455473772,-0.05181172170821209,0.05394943658558369,-0.08072221071422161,-0.024503007953364228,0.05571511934934622,-0.08003849438150194,0.01247265224796286
CMX,0.06567402573426558,-0.03341430931092713,0.03965483339763313,0.0638134532025874,-0.021460845367489975,0.00787668573958045,-0.007518907442792571,-0.0619768007556593,-0.038240598903720946,0.023847658572413614,0.04709504270683129
CNG,0.056822302343025606,0.06362032586947856,0.02787961255986468,0.04429355965640225,0.03128943253652363,-0.026160933552721928,-0.08431960200256351,0.057655243066951765,-0.08508743194921173,0.05201546992917157,-0.018198758494515514
CRC,0.06831941811647183,-0.002649727853026626,0.005486391823799356,-0.0028292338007038726,-0.02248516912765236,0.0020191119515227387,-0.02118695259791608,-0.03789862212523816,0.15286516537269074,0.044592305274199176,-0.05033575674785854
CRE,0.06451945429617084,-0.05081507656964576,0.01638188567496927,-0.025036330021946218,0.026688850439426322,-0.028689880756249907,0.015061576179445972,0.0006317449991920258,0.0786336192868316,-0.04427280757776377,-0.02314837753927405
CSV,0.06364086274012296,-0.039799800480634216,0.06291394856647235,-0.027317369953000936,0.023232104973267394,0.02579576633071488,-0.017330815252032648,0.09508058662310959,-0.054233660307446724,0.009942412477416278,-0.03664853402642057
CTF,-0.04380174785001442,0.07324638723281285,-0.06507304058469975,0.045208558678657015,-0.11726168518393251,0.04634005484115188,0.03011015154434226,0.09388379233042043,-0.047309061172927526,0.008411961396658901,-0.028921205940030937
CTG,0.024886629771635173,0.09006436856269695,-0.06731842123803589,-0.05294707685146706,-0.04857533250942602,0.1385780958337405,-0.017629813435266994,-0.15194853880981957,0.10664129598429058,0.13863374741441062,0.017242182405899403
CTI,0.0621780143066798,0.04794578822444654,-0.06843312412919678,-0.018246867539955414,0.01823625951850604,0.004587789936784926,-0.03489256290280511,-0.03271817868585566,0.0051591258165141944,0.00235240688990929,-0.041277309519598834
CTR,0.03198604034710441,0.10025085244332017,0.07640024960399917,0.014155286911409526,-0.011398947779003733,0.07320216830808768,-0.029582680021843406,0.06705053478790429,0.034059539349977894,-0.062240144631135585,-0.028531192503666133
CTS,0.03379004637365275,0.10982868417412436,-0.023268358532375816,-0.016305153852026192,0.03224934159248977,-0.01535006470802842,-0.02930995605892654,-0.041937892393023465,0.01606297236353141,-0.013762802034652083,0.0274672530290913
D2D,0.07031945187344195,-0.018953168802077664,-0.013028340443558382,-0.03014431498449123,-0.014907792183998111,-0.0012439344383815049,0.04813766605025364,0.005200767213264726,-0.025309654015186533,0.05220806707255641,-0.027350674604062528
DAH,0.06162581672564702,-0.04844627671649483,0.04984742337643539,0.04846874682459018,0.003265391480623568,0.04556302790478858,-0.013838107232051764,-0.0848523131344109,-0.022480269408616138,-0.029427668218712913,0.06124723898318641
DAT,0.06370105516556201,-0.04703514194777772,-0.008888910437392733,-0.009876009099676767,0.054891126693306126,0.02843565809207924,0.002661382108709798,-0.019818690475468206,-0.08722724460948628,0.005950203350421124,-0.01610484766027106
DBC,0.0647710406046607,0.04831490191917276,0.00658621785210814,-0.01619738636917234,0.04762986100834097,0.02809091961611148,0.004533457385821498,-0.051498372410602976,0.01678161047185385,-0.031223964120264937,-0.05271894264295883
DBD,0.02592536002705237,0.0793829555735752,0.12525216330742261,0.032992997580569894,0.021723446690162913,-0.15449633851238823,-0.011746202234796577,0.06551852405621912,-0.019489615808355534,-0.049047546616682335,-0.053134832902795456
DBT,0.04219192392293355,0.07352424373184015,-0.048096625084025735,0.10493534790846014,0.10557599324595228,0.002188210150188569,0.03234269711117296,-0.05021032906769813,0.019763076429176723,-0.0009506937941418874,-0.027478072089903473
DC4,0.06905219738560074,0.016597079796096398,-0.008538391793645586,-0.023499869994057322,-0.025988779426424562,-0.06660379236570528,-0.013888174957733717,0.015329555000005553,0.07694350330579858,0.019067612201834457,0.02890471923352949
DCL,0.06090302889616898,-0.022976656260129753,-0.062181447223311585,-0.06515523876216463,-0.07364169958521395,0.0519057785350368,0.009558777086999594,0.03555966401167649,0.08595462620532501,0.018115789671076108,0.031850845079965294
DCM,0.051608669783028846,0.03269854736657973,0.08215867971220853,-0.05289778880307096,0.036944363106668245,-0.03797873049926263,-0.20573517923005738,0.1273233827239466,-0.06500525994613554,-0.008004385353164866,-0.0603887692456392
DGC,0.03730915499001785,0.035264708191121555,0.1778260512590639,-0.00041397694273876784,-0.058037649078614986,-0.04838837703824269,-0.10108461036161383,0.058393616976765164,-0.028861259239340457,0.033809650729008066,-0.05625806891097575
DGW,0.06094571251209495,-0.031094671268532756,0.09346468600464744,-0.023668887115763985,0.06880034192450596,-0.023038827266502818,-0.05167784768336787,0.06401349264555682,-0.0014582063668258198,0.011897492921305632,0.03303142688699447
DHA,0.03876181830851149,0.1026147197747891,-0.01923692310863273,-0.0096666596732894,-0.05286982219416433,-0.040200775473052626,-0.06307561283485108,-0.002738272560113231,0.03452096594326195,0.0017577605247988252,0.05811095340443207
DHC,0.06661064120369872,-0.013226707158640561,0.04897768685538353,0.03190562388286939,-0.023676720921576317,-0.011546766685519235,0.06115976600981933,0.037811119001215795,-0.06382887422466467,0.06660127426385379,0.08832048752476065
DHG,0.02018013132467224,0.08807165483256871,-0.057319097375382225,0.14253229654024083,0.04080534143915591,-0.07424899079854014,0.0024849117718463744,0.04532615628823355,0.031177441752899736,0.09228333527585993,-0.0990744087663049
DHM,0.0401792114513166,-0.08512932003749771,-0.03904044657354877,-0.07117265090965885,0.010438357992317973,0.0951483988073094,-0.019272719045271614,0.11629437126193388,-0.050123317354350445,0.05433502019832721,0.13218863473044326
DIG,0.06866388794438888,-0.0011175220221664665,0.060046548829140144,0.015731145199788254,-0.00021628311222350274,-0.011322831571886226,0.03696451532054055,-0.0363747739401627,0.042212791779689805,-0.07017806905301248,0.016477656188887666
DLG,0.06716744721552667,-0.029635009038517967,0.010585039135795895,0.06241489129380376,-0.03550667523356086,-2.7689937741982852e-05,0.034309241020284376,-0.06316128840246835,0.03800337785158858,-0.028044413081378776,-0.029162189665361975
DMC,0.02241753323264303,0.1026388502688763,0.01988253622304532,0.06773083331734008,0.03142204137033636,-0.149094922650682,-0.08118837177953098,0.004045474883011005,-0.006348601163311559,0.028033656863436413,-0.018653503355147056
DPG,0.06926402532968666,0.016926471803272516,-0.013857451399102987,-0.015470700036911623,-0.03192757178012925,-0.0043992729624611334,-0.040445000298101726,0.009350077468469128,-0.039760383859997014,-0.015420606833598633,-0.03664103290113363
DPM,0.04851130755365838,-0.03724953013032368,0.0823836079057415,0.014914138902999498,-0.009379831499399555,-0.02495123398415077,-0.261395399017251,0.07849968605494315,0.022114630468129542,-0.006968329927001571,0.015029396411914711
DPR,0.06716131295318899,0.022145221202518134,0.05178605023167684,-0.003945928647198936,-0.04353403278204193,-0.010826830979059779,-0.037400146778752065,-0.049031101841917855,-0.011701378073456734,0.03919993298943763,0.022738984690718996
DQC,0.06541288832863233,-0.03300727514693646,-0.049826727990527654,0.05415128787725049,-0.04596358259081346,0.007329260123528141,-0.0241378485126631,-0.01565115974639076,0.005116589150349908,0.03481712372746317,0.03826188936050863
DRC,0.05548824907268769,0.03724388572084546,0.09164677688505718,-0.03698615589741337,-0.0032014972934413534,0.1452574340329008,-0.03467391001445133,0.05877438066459099,0.06953521093503713,0.05033219026504118,0.013343932366733011
DRL,0.030525447525810157,0.07231029107987721,0.025324024163044877,-0.10315181102864703,0.06066627088424908,0.05451323976351399,-0.07325629285663583,0.12581474637434412,0.07573229517741863,-0.12344604643225533,0.08175482633133051
DSC,-0.03601916215220875,0.015392956865819707,-0.008441759927152685,-0.006441628652219143,0.28954356039795814,-0.040975627963784615,0.004947565884770595,0.04160835660166507,0.12269432964540157,0.07748697031851995,-0.15354227757794706
DSN,-0.01889865935345425,0.0931321382999653,-0.051518137237999584,0.0612731334509053,0.07813435239922108,0.1676067712459649,0.028219311165380692,0.05061576281089466,-0.03496107964543825,-0.08106838998153118,0.026942217574641113
DTA,0.06885676828778062,-0.025900251248649583,-0.018844010252958496,0.011259957686891758,0.008287684042801679,-0.07059890465710103,-0.010068291022469483,0.017040770433958623,0.050578887200182235,-0.02731568265930239,0.03815855841633541
DTL,0.05061838523193652,-0.04379306153767737,-0.1308052332551576,0.04022630115856941,-0.07228176379833971,-0.00016673810317555885,0.03193844645855227,0.07527796166860552,0.04034348717155334,-0.014926256916040177,-0.04239632310324163
DVP,0.027037274040158325,0.11294780331942784,0.04499582306012814,-0.031870661401499495,0.00028730878649674393,-0.025571438987821143,0.0016027831884423548,0.02032272325721612,0.02555249336814413,0.024917121616802533,0.016134698957492033
DXG,0.06724513647229523,0.006410021986102067,0.06429080182541148,0.0032593836726491207,0.01124769523789274,-0.011297010419627983,0.0007073305954018804,-0.06320993759419288,0.03363895166889347,-0.10612860684264624,0.06506708344267621
DXS,0.0675201334762644,-0.02323617869319178,0.06011345664680916,0.030896592819843388,0.01710347225583198,-0.008897464425924937,0.011323478498711157,-0.03815632718568252,0.01817669611912595,-0.027668743013143107,0.04910340309913739
DXV,0.06569106661159163,-0.0382142235745512,-0.032045314503941325,-0.04269107381835725,0.030881765795998956,0.020103296489299635,-0.007403319206019594,0.015198417815319302,-0.04766571532254486,-0.055026322822431036,-0.03528879765858847
EIB,0.05991572329323247,-0.03300036833198665,0.01206818560928375,-0.06884144828891524,0.09991111984372103,-0.022808455757747332,0.017323981947923856,0.03908164795774045,-0.04583648986610099,0.018081762849398678,0.009359637651054608
ELC,0.024287652133671823,0.11320174607662731,0.04520001182970112,-0.04507433826783673,-0.05915912632181971,-0.006620160682153449,-0.02915231649758285,0.008352948054411337,0.0005818199997488601,-0.031013659901049238,0.0523651726547685
EVE,0.02960644779345094,0.06519978641804877,-0.0714153878756359,0.14921651825087148,0.08698928274331358,-0.03341599735281583,-0.044638623724380065,0.05865388121688782,0.027182455160109257,-0.04733825067405427,-0.2034907952741511
EVF,0.04727155163087961,0.0792181379957276,0.04336917024012654,-0.10280400611523348,-0.002843948187048634,0.014916699106619045,0.033157558508077174,0.017577359938894543,-0.009263190485152874,-0.06498474780843679,-0.014637274307362667
EVG,0.06799059685184287,0.00887980320865291,-0.0015577083070539746,0.047469180682245454,0.030677671326980144,-0.07336068608102245,0.0443232297206004,-0.004577367641370648,0.08731393205335056,-0.029012737262278102,-0.05217696149289059
FCM,0.06786925262841968,0.01701066711901977,-0.020382163950756232,0.02911002307213521,0.0041182795869865695,-0.08318613189855652,-0.03506714660463774,0.01760566045360688,0.01711823604317512,-0.03333746253097859,0.12599385011402758
FCN,0.06319670073304573,0.04355207016665097,-0.026082815337001183,0.07790252277648546,0.0034984978267171714,-0.02922437976531424,-0.0037763050851025337,-0.010528349510452855,0.0599706711416315,-0.018573720356515295,0.04428318376643497
FIR,-0.024671221063745818,-0.09489576114633323,-0.0749667049859723,0.12277632469827503,0.017517751063029902,0.011720394084764973,-0.057240439682686425,0.03788426726565266,-0.07865525467808006,-0.05713295461693716,0.020233205481348174
FIT,0.06826940080067606,-0.015963637464230802,-0.013233731966718404,0.06724331673237141,-0.031551487694317745,-0.033293623960070164,0.04741527220872399,-0.006816291826316079,0.06559119900545156,-0.009617662963471866,-0.01861927942069052
FMC,0.06198149998207833,0.02263742506461175,0.061267518628493584,0.0672795564771066,-0.08138205518093856,-0.05918624948599143,-0.04793732819321446,0.055943029521802454,-0.047991096121422286,0.0597591075545333,-0.04607805670555234
FPT,-0.0058711996949923646,0.10883253490630006,0.10692869993179856,0.012520410867479308,-0.04372400711434755,-0.02194915322143885,-0.10537710545033371,-0.026189218324888276,0.03609842412762154,0.033870324060946,0.034440873357533944
FRT,0.006790917793075034,0.09271666811251045,0.13363058882007636,-0.04135412860547375,-0.0445529899989362,0.020402813459434822,-0.12130960138404241,0.10078528223819166,0.046720038016744146,0.025422043902090703,-0.04896814203763493
FTS,0.04897802091089016,0.08699942741872298,-0.00803333592499987,-0.05333583329980101,0.04262780322851198,0.007814542241202567,-0.005464519724187372,0.023123020660505752,-0.060349016548155957,-0.025717236771496586,-0.02690566673651495
GAS,0.02751870316994975,-0.06887576938946055,0.027893163186737957,-0.04492143020246289,0.059647853758146345,-0.051992792885091337,-0.24427589233887084,-0.012808089885582892,-0.06925004574582465,0.206597591959449,0.13317265407385245
GDT,0.05526063596693589,-0.07645340748074973,0.009627917463132508,0.03950462390280489,0.001561854870287138,0.026671389277727442,0.009129703932999398,-0.016008394724381262,-0.022945487971100808,0.05504139041877661,0.011963667738591605
GEE,0.06494176535715275,0.018806135859075594,0.010350663183710985,-0.05025913993643186,-0.04092696089472069,0.03632459693068764,0.04050449579178352,0.025463840366514244,-0.07274057826513129,-0.08684478962064472,-0.02757437031672799
GEX,0.0650237885754359,0.04650174660939629,0.021242205067140425,0.002794036945061374,0.016240925944101533,-0.04184770826917152,-0.025681078383076147,-0.07275040155139371,0.03475933030002953,-0.05851104916305623,-0.01555561876912777
GMD,0.027585716533258742,0.08107448074469682,0.13358003468217164,-0.04344648954134101,-0.04822066540932138,-0.006930854771318789,-0.038948950579976216,0.10780081388221732,-0.05706917365684512,-0.005765121628412195,0.034381192164093126
GSP,0.05102044056091704,0.07876796271424147,-0.040458740599952046,-0.012506809447929817,-0.016111246235025235,-0.013552495576966967,-0.06258658200020861,0.06892258067957295,-0.08753086850693625,0.007972880293755756,0.06062303113974246
GTA,0.05187937045867634,0.03225784947732367,0.028285500126363335,0.06403522478372847,0.16103731764414705,-0.09346010271225436,0.054062397390139266,0.026568364814560604,-0.06697879918491341,-0.027362891222042864,-0.034574806452394094
GVR,0.06970475244087429,0.02628285347222277,-0.0043339865662114655,-0.02211308773077615,-0.0023653488125513628,0.03564402529611659,-0.011079867192789406,-0.0037325757122869344,0.0066062420310967025,0.028427493362756392,-0.03935044932326862
HAG,0.04154787496311762,0.03706216780853113,0.060888561092254795,-0.10612230732342166,0.10409013200334077,0.16183502943440464,0.04266858313896655,-0.07250451737125552,0.05102145169221442,-0.1793570529916515,-0.023032072068935237
HAH,0.050599489320570054,0.015060710139532299,0.13703938957367393,0.06372404571660009,-0.11084642568734072,-0.008789904727338796,-0.0427387691942349,0.04199163693044761,0.008003759288164543,0.021309248254046943,-0.027422612164353478
HAP,0.06735004727959384,-0.023319417138378654,0.05971104904087778,0.03358074782274395,0.02571702417573973,-0.01993170928735534,0.014751407730669302,-0.05038966252764843,0.011321020548411527,-0.015216501677528109,-0.0017988900239254706
HAR,0.06684246390797427,-0.015491251580599974,0.0063347414975964906,0.06642657734227994,-0.044440654022494606,0.026687897872134644,0.03953927930733001,-0.05225008975912132,0.0920122643807788,-0.04193225958285484,0.011640925036068537
HAX,0.062321045157016704,0.006767030966533164,-0.07612646945668945,-0.022230361260293794,0.12221055441119506,0.04537467019095545,-0.0315130645551762,0.008210398847994117,-0.04697729421473129,-0.05209654553427574,0.01856609218501655
HCD,0.06299110577862953,0.04272722257460309,-0.04517149910122003,-0.05945849726086135,-0.0402730395802009,0.0012235348435449584,0.018565449538040554,0.025077541017883676,0.025375495217306542,0.0441619361986169,-0.006932462195702929
HCM,0.04816583164906066,0.0596003165610228,-0.08954426402819282,-0.07731968304982498,0.04760512597056372,0.032620289527605005,0.0783020500350598,-0.10770010333071951,-0.031188082387287795,0.07913251604068407,0.039833762031307514
HDB,0.03583772896746842,0.09832790272281794,0.03159462305487836,-0.03837126151450296,-0.023340243452448596,0.11208354828442625,0.07855782714867139,-0.04308409005447808,0.018996320837694713,0.055819747393982676,0.04176828447465591
HDC,0.06498001367543724,0.022787605118168894,0.01783976701552399,0.0320773359667742,0.05000556931704731,-0.0333023358324783,-0.026226333514060347,-0.05947455563777896,0.0604491019516862,-0.11729871671272493,0.044756398618768484
HDG,0.06625282721769968,-0.0142099823257922,0.011427511029626268,0.05698562381856184,0.04716870962786436,0.05481110793422039,-0.03874245077987853,-0.08431361227617737,-0.08548111155659804,-0.044285255059442606,-0.052539186283856155
HHP,0.03608286531948082,0.08624160752324159,-0.07160023031835869,0.0548116091292825,-0.0008144192356921625,-0.05456837563076317,0.020274650293102547,0.06231082227450289,-0.015548245100588927,0.03202261018669848,-0.10358471487052902
HHS,0.0639570485068297,0.048519159673900344,-0.019052370213308998,-0.0632759041198006,0.008467234402355533,-0.003622979572815617,0.008707710450728517,-0.014221232011094253,-0.017480059037231915,0.018988533841449638,-0.0017350247030484228
HHV,0.05320674564504043,0.0790433679213972,-0.054109807939511485,0.002083911724330586,-0.008882397953774844,0.013591074315684773,0.001550376381460771,0.02102544178431074,-0.02150633908067418,-0.013138725975480284,0.07304133049824425
HII,0.06911253503891775,-0.01995616229669027,0.045294614797742466,0.008666474051308966,-0.007293367087252739,-0.0049545683998825875,0.062439989700459116,-0.009232556887267209,0.03894678101523717,-0.012964273596067869,-0.012600836771047856
HMC,0.06503250031780373,-0.041155173060371454,0.05563727971441909,-0.0070359871507131196,-0.04233589072828642,0.036402377624231146,0.04266007957191496,0.004273755816882042,-0.0024841062894512943,0.03852974109954799,0.006274735373420048
HNA,-0.042305234572596044,0.06348946071842566,0.09866120370779935,-0.0017121429714826622,0.08391958099360623,0.14987555267164399,1.9104887070076366e-05,0.020834380353040194,0.10019692375293315,-0.005252530907015224,0.03240028151277176
HPG,0.058758963411444924,0.06516129589722638,-0.04117790914511688,-0.003704360370910998,-0.05820687641706435,-0.003361391817654437,-0.01386408858054754,0.00698584167681571,0.04756372900792223,-0.026942000120984414,0.023224325414044008
HPX,0.05830120262159511,-0.06265558106709662,0.040140498016120796,-0.05585790034768527,0.0601022649458438,-0.02448279225419765,0.061288426159027375,0.03174016234088965,-0.04216475788910665,0.037649931798492985,0.007501851260514661
HQC,0.06488887983716667,0.017777925357507846,-0.037208257184169945,0.07180968987881395,-0.050222417773438145,0.048853442329683146,0.07924384805839056,-0.012270261567678437,-0.006028457137393262,-0.030456608863831138,0.0005766181597279596
HSG,0.055393384122358426,0.07027439010549572,-0.056422908077751126,-0.05391969114822576,-0.022523135328539362,0.019381285253206773,-0.004842917222437327,0.023951437609249775,-0.019126076664243187,-0.033606376957528994,0.05607179508437428
HSL,0.055144097427519155,0.055406014067486124,0.008241566706738692,-0.04156235801265889,0.0020685241739861865,-0.10574032154617063,0.0017633234589012154,0.006622382313249063,-0.15638759696287363,-0.13552050164331353,0.08882571292483167
HT1,0.05851001357053812,0.010524537282304606,-0.0728998695274362,0.11008699072454743,-0.060862578908545927,0.07587606466314822,0.014234237843719223,-0.0159087268288647,-0.004632899283892115,0.05979295676411725,0.10194761406674756
HTG,0.06249949549127868,0.042402666277316106,-0.01701736106238143,-0.03507813795180025,-0.07877218690423288,0.006873613171678794,0.044143729084795726,0.03785076452593031,-0.11555212892357718,0.02273803917572267,0.029655821175305908
HTI,0.05720391461896495,0.0451080573078007,-0.05856544932418541,-0.0198723987339249,0.049762952712596495,-0.03150495290908745,-0.06296869292620003,0.08660580940253944,0.02254399858951574,-0.018886944057353996,-0.01997896096114257
HTL,0.06066748577857246,-0.050952063710363885,-0.04576561918810598,-0.03666536581609104,0.028619573076513225,0.03954460514812616,0.06453384262498849,0.011461924541819503,-0.062465745714624564,0.07265173188356669,-0.004608403460569803
HTN,0.0646409107726173,-0.042088742240078095,0.06140615850327012,0.002780912671177136,0.02554348097890323,-0.03359156841889625,0.009889313875258848,-0.050785328919823736,0.010249220260491656,-0.03576513155426415,0.017387396410896514
HUB,0.06900521805645925,0.015459817374546932,0.02376952955662011,0.0018782027470094452,0.04254854001804916,-0.013864281877468252,0.001253588872655891,0.04297837121926591,0.05177874610998768,-0.05237755235629674,0.037024004024692254
HVH,0.06612177108378312,0.005681549656905449,-0.08314311409243837,-0.023331214799933237,0.008860178923261686,-0.035266393388627464,0.04557914799200342,0.005454376475296359,-0.05611949626250879,-0.003165396246837313,0.021885267829092843
HVN,0.06666650035288409,-0.021184089897644608,-0.06201928869727269,-0.021651301436166736,-0.055587948390011986,0.04698942482322988,-0.004857435632234414,-0.013864723725345321,-0.007588858071363964,-0.022986688812630163,-0.02410081425580537
HVX,0.06911387010112269,-0.025441754313806266,-0.0033628483839710102,0.04018506983198446,-0.025574763375381657,-0.03227922557628305,0.004806939074571562,-0.017601156190905524,0.02050330316370853,-0.005431098075229978,0.033314885995590786
ICT,0.06049016913022941,-0.058833710977960946,-0.015882666168123137,-0.0636293791911478,0.05336628602919557,0.016387164734536604,-0.005107082978722734,0.019526224007124195,-0.06892619026114717,0.014264427922304021,-0.0255746006446752
IJC,0.06848833541502661,0.025208374302151778,-7.11490642045334e-06,0.03850742644818046,0.027319454742433625,0.04135897069986843,-0.014862004198110202,-0.055678689742375456,-0.03231947611228434,0.026981609093586857,0.0338836756794033
ILB,0.05464799225304107,-0.014720732614388093,0.06787798890707396,0.09231581039696427,-0.011316816326609289,0.07004940672062339,0.03129587341627548,0.06768533070156714,-0.07920662948042954,-0.004682351413334304,0.16257806795255578
IMP,0.06241122959817165,-0.051835497761403886,0.024946670829033447,-0.05514559178461641,0.0528711974560818,-0.0343414646557986,0.04572711705130928,0.01939315459338164,-0.00629322337801975,0.04231027585122989,-0.017922155485026056
ITC,0.05710934827179202,0.037106341431885015,-0.03254123093895371,0.08094613959016374,0.13769939736953682,-0.0015876529895090079,0.0310192734090796,0.019240331167491864,0.11101059486699894,-0.05524401492512622,-0.03066232004288066
ITD,0.04380403251521447,-0.015696930012212763,-0.13875916890495357,0.031669935543668266,-0.12866849920837642,0.02853401417413445,-0.081313656808609,0.09158247045493069,-0.01879647599912429,-0.0007888353689509091,-0.12395945249774136
JVC,0.0674381869592334,-0.030818897071050094,0.01343128433065051,0.061688642798066164,-0.013692246860282777,0.006836051591648439,0.04613042198155179,-0.03194583950432987,0.0397716358282661,-0.022896857918125967,-0.0037009530592601145
KBC,0.0628955864660288,0.042998575707793196,0.015148902537536379,0.04005978781665377,-0.0012816715230158635,0.015314271183503073,-0.007130026793009825,-0.14514590840045613,-0.09853282683096694,-0.023057486437258353,-0.02298476462159175
KDC,-0.010635507782476131,-0.020404496726377695,0.1390876972406191,0.06957629966878522,0.2097695875210027,0.024283851458791025,-0.02400151968286575,-0.1191903819971289,-0.11851803453243555,0.07630223474193953,-0.14716232134474977
KHG,0.06830608789951735,-0.011274041045562018,0.04021626668437481,0.04437000482614063,0.033613886686573946,-0.024364833714864895,0.019974489276265196,-0.02405137352935277,0.05762058834183746,-0.04618959133996823,0.0661379027145794
KHP,0.06643533692617648,0.028054218676556292,-0.048809840415835117,0.024346273897866706,-0.005412979342207792,-0.014906569756327892,0.02859365316946438,0.05848372834163417,-0.04600758494132192,0.061415295895164104,-0.059990963982566585
KMR,0.06814905352283455,-0.004943096190700537,0.02559517133129436,0.06302523450644681,-0.040403765948171064,-0.025590451750626363,0.05395294839464938,-0.04685515503722126,0.03176533357593771,-0.021403814572105256,-0.026407495829764493
KOS,-0.04401739476592889,0.0830652158366497,-0.011312875830641488,0.043225199019492344,0.010194854894384127,0.010293626436133425,-0.08453871730413653,0.07791932515127457,0.08318497639113212,-0.0553253920550934,-0.014956027452639693
KSB,0.06192672102391626,0.04246418597602127,-0.051345977635395376,0.05713449085024506,-0.06670148621847773,0.026352527653478838,0.0070014950954812045,0.014025619854073489,0.045122072809617914,0.048505309693980966,0.08928549778344652
LBM,0.06190630398362592,-0.04741210057263493,0.05783152416949268,-0.015889274199603343,0.053427395830762704,-0.020852493714386425,0.04519860698154632,0.06013632478509292,-0.03581222430399586,-0.010948335881452092,0.022155531476114775
LCG,0.047559938951923335,0.06956529969370497,-0.09601790706738873,0.07003549604967162,-0.03752518228883799,0.016474761956623583,0.0222229976885934,0.052614585390640255,0.024089525216562883,0.03392016517879216,0.07232572906968608
LDG,0.0643809400017383,-0.05506317661758661,0.0035259557696514328,0.03454591337474768,-0.00785342293478148,-0.009618642349729008,0.00993902775793375,-0.028063936351628002,0.01710431680002712,-0.0313990821717707,0.03486321123896514
LGL,0.07087666638236552,-0.004111835080403457,-0.015448344051712437,0.023519376007857487,0.007632444329873824,-0.020717926024642237,-0.014567698766934518,-0.028628228047011723,0.020807882212956964,-0.034781913385429096,0.03674186225236307
LHG,0.0685919370724262,0.02731760102584634,-0.01755900516151086,-0.02409925232730513,-0.01479380921591738,0.033560620727469584,0.0005019442656562498,-0.02522221586325942,-0.06385851136378123,-0.020346363414287652,-0.031506745744832705
LIX,0.0603152676812446,-0.041414179184424235,0.0431486369402892,-0.07391993319022094,0.07870519110768177,-0.011621220827346533,0.0688466951653704,0.05322217591325278,-0.024040803021607715,0.07495262040037676,-0.03542364846053596
LPB,0.03431542590459006,0.10440048053117318,-0.013267708483019567,-0.05778794697012824,-0.031689868516876364,0.032010058417900146,-0.020732208697680204,-0.08592082902267785,0.01574500600440613,-0.0029453760635616308,0.06479502866532126
LSS,0.05520008376234485,0.06457088985096705,-0.04271264376993907,0.07184277111370273,0.03415178706106182,-0.050646189526177034,0.014577272825394188,0.0036581221413221057,-0.019112261765101453,0.008581936019290711,-0.12747792974328798
MBB,0.058363345794994075,0.062339407332376084,0.0146144640943484,-0.029261342093873148,-0.01844940854021538,0.08049442308383514,-0.01548226935644665,-0.03557840367492294,0.09635773971990559,0.063406191027569,-0.022974004809423992
MCH,0.06296473363304814,0.024065066801318688,0.06146590559292434,-0.07000332926200706,-0.03216577086428179,0.051451757712178525,0.017098277273125146,-0.030400080613823453,0.10325240915846884,0.03067630945080693,-0.0241722473705486
MHC,0.05419785168504818,0.06828258729690614,-0.0015497777069487949,-0.04993570025670003,0.019030162824137182,-0.1038821591814888,-0.04656759008026632,-0.06457807647890676,-0.01852699918986024,-0.03429619222675222,0.047709001267861054
MIG,0.054122099189249415,-0.006535847700324458,0.11312147141600132,0.10261174651121989,-0.07946310265483189,0.02682235481720218,-0.01122827645176452,-0.025548922335929196,-0.014085810597437633,-0.020779829310720102,-0.08349483148810083
MSB,0.06623086644643672,0.017289328686343093,-0.041925191790268164,-0.0435364814927613,-0.045176319051686474,0.00906381544631132,-0.06588628248890617,-0.038047678352440724,0.10641798694091298,0.005113526783058094,0.01992432069029127
MSH,0.06535276541681374,0.0011873596262859038,0.015160306295776565,-0.026234516416455016,-0.09614349440574149,-0.04221234304201579,-0.06233134616868742,0.037566078498898745,-0.012556681595966577,0.08305149172594872,-0.06633497547895972
MSN,0.054884532966950256,-0.07278911491415439,-0.030023090590974362,-0.02394277297669895,-0.013518189116527957,0.030115145452561855,-0.09301458510983535,-0.07647682684310753,0.02562690791867233,0.02955199844808637,-0.021809231722626554
MWG,0.06275646413304314,-0.043577559786410335,0.06192674696226189,0.01891156776616145,0.013110085810578782,-0.018226230333951536,-0.0850336711293362,0.005815026060425125,0.032653012047257776,0.061031266459868776,0.02289784362365836
NAB,0.021402771846515938,0.12093422698769593,0.025118423333305866,-0.013205810071811278,-0.015207546307923354,-0.039283045425269655,0.007885646498226618,-0.022222365414000793,0.03224030289920923,0.02063297398245195,-0.001256688735642742
NAF,0.05995064404771538,0.06017213026470176,-0.057990728631307525,-0.017132531068779953,-0.015463751129294235,-0.04403304329542352,-0.019949869760636976,0.029375432865781072,-0.013427117895518363,-0.04021136174524243,-0.0006078654817785162
NAV,0.05829810657183447,-0.04053873328844292,-0.030096156096360238,-0.0963395643150513,-0.07672324157133653,0.029174632716727787,-0.03578858721961759,0.0794333797019682,-0.0479256269211194,0.005599723721666657,-0.053144075795734595
NBB,0.06058233363759862,0.046212047619912516,-0.028764850425929803,-0.08745782581312475,0.06004963052553477,-0.049436719129154025,-0.003918870250061911,-0.013186681864523727,-0.06674558267431475,-0.0071926378677989,0.012566601868955071
NCT,-0.0062638023794375055,0.09410714764018212,0.09392859736106673,0.05496462499891554,0.12010092320099697,0.09545415541494963,-0.0025134829077154927,-0.061320513176894915,-0.022077472426331696,0.07838127395028673,0.03585401189291092
NHA,0.07059071082446094,0.0004301690362729713,-0.03698015888630218,0.006553079243156162,-0.0017659376946969527,-0.02939842663784037,0.009090481204368436,0.01739951295178628,0.0556506333368563,-0.05653157189197567,-0.008804156915899013
NHH,0.05265845774986755,0.0628049129054647,-0.043788577263587806,-0.08605440143087129,-0.051162373240453196,-0.017656614744732117,0.04375346671954019,0.020193574046156994,-0.05766112807432879,-0.0953631282562699,-0.032096275810788256
NKG,0.06886050763647858,0.011916349409053891,0.0433907984236857,-0.02913782411045792,-0.010552463151982357,0.017535707647862962,0.04019072174699636,0.03622512163636873,0.02491234363115781,-0.05321237780920638,0.08495867959624424
NLG,0.06813059738760242,0.02916498516724811,-0.010453582750728387,0.0034971282200637224,-0.04708560023681025,0.009226676451703147,0.004191310679850482,-0.04563742404075221,0.02285924299063387,-0.07037427937998177,-0.0501846987630555
NNC,0.05625243163480722,0.02283035178282785,-0.11356096929929095,-0.08449447339901307,-0.02138914672138341,-0.0014381083386565603,-0.0053235961991967605,-0.0027637796691344463,-0.04184074442862871,-0.08130339948817145,0.023139658008168692
NSC,0.05929798675424228,-0.024432699051766694,0.08983631997951558,0.04025281683120805,-0.04660797088462447,0.052937334366814616,-0.08025432813860361,0.029089341051136055,-0.03640615342569723,0.02574673945927402,-0.039589538833798385
NT2,-0.039474683431851065,0.03569753927036857,-0.07087237029052985,0.15413803823195424,0.07670857467722514,0.13298155925294705,-0.019742870649634463,-0.00843979485534289,0.005287303658777076,0.029657053143604988,-0.046264160791780924
NTC,0.047948781111826044,0.08470094432828296,0.058902503716059616,-0.005520168193798831,0.038423159411208566,-0.04332771667176354,0.04329779605052471,-0.01146321965060974,0.020883189598574936,-0.0073754099721862094,-0.003808288659534169
NTL,0.06918700090908057,-0.020253845114527956,0.011648351622017975,-0.045316020684075226,0.04055131671764014,0.02624980001227617,0.0512357513061453,0.026767734436050496,-0.0591048365835709,-0.010849826422779093,-0.008138508430323446
NVL,0.05733736557328853,-0.06401718152601212,0.06272169634835523,-0.02835370132792144,0.0678560485537146,-0.006643598843811087,0.043910687759465876,0.04623079411306111,-0.020505653367596677,-0.004017213795989694,0.02468333087254324
NVT,0.06486807058766948,-0.04371432967932398,0.03649267851753653,0.03999109246344839,-0.00938626521238192,0.022901151588926638,-0.025794633115204257,-0.019661764212568482,0.0215148778563714,-0.06612224146529543,0.03124552471887112
OCB,0.055046056812945096,0.06383053446744225,-0.05769959994616943,-0.06411491006323194,-0.07514517410292368,0.014085504805799011,-0.014123784298751075,-0.05383046321275628,0.03451406688451844,-0.009768205270954745,-0.008849184992897895
OGC,0.04463027054104784,-0.06678119936649243,0.07825255303230315,0.07475970024924869,0.02477138898662146,0.07974948274953916,-0.010050146904951351,0.11113857548640782,0.019682436694032315,-0.11086316568133545,-0.0104891835624084
OPC,0.009673320829297852,-0.0035540645430769797,-0.02550757801829431,0.012535135536494879,-0.027584449145484965,0.1668077701340927,-0.0871797933857162,-0.3390291742746034,-0.12567821685547237,-0.21508485009172312,-0.14992200992760882
ORS,0.06564612617817113,0.04888740802347718,0.0034075580112634465,0.003924914727207061,-0.02352061328453706,-0.03879563739481772,0.020514368145154536,-0.01687378515942445,-0.0033857399276934737,0.025612252552510713,-0.03076732397352119
PAC,0.04323390109590055,-0.07721099745599708,-0.03490593789718485,0.00647769306353321,0.013672521119502531,0.10933336861746236,-0.056306889034122516,-0.03279179218173803,0.0506637452183189,0.15629602316781083,-0.05809208646573277
PAN,0.07023135311113106,0.014209399742019017,-0.011616448329961697,-0.006148070044258933,0.053433209948538375,0.03340964950983114,-0.011768925598054024,0.00431431800578389,-0.007877265507352176,0.028665495133358976,0.004567610079495348
PC1,0.05435362714495662,0.034520884567968896,0.06398627486072221,0.05071874191244719,-0.06082852204378092,0.126417571020904,-0.03681526068101552,0.09155473013418335,-0.14223197445479968,0.00044629584237264384,0.008813008191080577
PDR,0.06570479339985363,-0.031004082254217746,0.05793373462323516,-0.047737571031370045,0.04288146884377618,-0.01615204852123332,0.04903409564623645,0.03562357460398432,-0.028203492789500347,-0.00995095016494656,0.017752621009735885
PDV,-0.025390366795849634,0.07210121452008875,-0.08971747884355766,0.13223247738460886,-0.028839623793708472,0.07475736034304468,0.01393244269775854,0.12531499526896067,-0.06826547014903447,0.07475691410635253,0.14180447866566417
PET,0.06689124070515644,0.016305000169861132,0.046260793213448656,0.06446846930153671,0.015545583886840499,-0.0022695330284000746,-0.00794148287034706,0.01978837823700388,-0.025327565941843166,-0.0023788275197807974,0.05097641098520515
PGC,0.058234314476031716,-0.0701520099279923,0.009486971217060271,0.01954687479672973,0.05132751941440026,0.013712346152470212,-0.024080535955575723,-0.01563354565936511,-0.03980873411620067,0.028117976480671252,0.042757339393061505
PGD,0.009331464125067133,0.11275670169958679,-0.005087166459291473,0.10055906960466135,0.04716108100535865,-0.06819459977167955,-0.01626069470764226,0.004257359105326914,-0.020326364370427917,0.0740090665974946,-0.03351451874131646
PGV,0.0678693670964523,0.024674165940030347,-0.004566370198381706,0.04356903921563431,0.01881584324824363,-0.07671244496479955,0.016377125014660366,-0.0014944234851603862,0.014080948713074085,0.03875756856074112,-0.008326213431461288
PHC,0.06454297804627014,0.012630373442336015,-0.01263918682002376,0.03663092453528905,0.031022510622348752,-0.09729023464741231,-0.07732399801367638,-0.04285173012431886,0.12746517057784837,0.01734500973145239,0.0696550875856319
PHR,0.0709194558757234,-0.003509795517382876,0.014518074370918756,-0.014022785537919231,-0.0017934306275684184,0.03689946409885753,0.001118243174470811,-0.04420101934706304,-0.04331194947459542,0.03038987387188628,-0.020638185287072227
PIT,0.05832072769720154,0.03609388247083372,0.009459467493735217,-0.010880256280007255,-0.09380192372176818,-0.15237031194319825,-0.07415959980364864,-0.022912773641789293,-0.015471928002445172,-0.02264605042105512,0.055796354855199896
PLP,0.06193695261823114,-0.04873725123268231,0.037628874430083975,0.07068208187852955,0.030477480080529765,0.03303976512996181,0.045196911391768194,-0.017008370969627457,0.02165306064488414,0.04881852515438906,-0.01030571315585755
PLX,0.06366742382271089,0.011604689814186636,-0.09187159574915665,0.020896053292278473,-0.057032083523427105,0.04738065220757382,-0.01886542819736262,-0.024898829106741766,-0.06408198711753468,0.03243047083201667,0.03406382887555292
PNJ,0.012300872178144812,0.005248103582957139,0.13563548796494637,-0.03922432690765648,-0.0992765662757431,0.18022756149048336,-0.23381053868674154,-0.09681294502545505,0.06055670667792279,0.1135216261692146,-0.089197221711753
POW,0.0581228334352297,-0.010278481155112653,-0.08979022876412293,0.07922191480987024,-0.01823968147785962,0.0822835560568958,0.01986475301263249,-0.034315439395213566,-0.10211212987902392,0.08879647184957966,-0.0027444308157691167
PPC,0.06890981775953199,-0.01391443116394338,-0.009612521191759002,-0.013803845916462436,0.010067225758960418,0.07469109511843836,0.08070876075684784,0.040183324288535126,-0.027288095965029666,0.04067512989340404,-0.01558174575550751
PTC,0.06639726509344784,-0.037411187840682945,0.03439290646658037,0.051436564468251324,0.012294167143731095,0.00011861636699803025,0.03884457776569268,-0.034351061606948265,0.023185086967736135,-0.03768736224613653,-0.02141616945343197
PTL,0.0650998138692507,-0.01176761473531833,0.00934198352297554,0.010442431777865597,0.07545825553831155,-0.044440199390835065,-0.04639290250906392,0.03657375646586513,0.06465223047598648,-0.06512515762689532,0.14265344976517477
PVD,0.012572856625502308,0.11701683633569716,-0.032733605876273185,0.0027156681524359862,0.03700677328284353,0.020232399907772532,-0.03809437221807232,0.07185630454397499,-0.047637488328518544,-0.014420250735494895,0.05276957149819335
PVP,0.05628674371994128,0.0610224221084358,-0.06496329736820705,-0.03704320511893666,0.04450023383360769,-0.004753767678956572,-0.03189942477632523,-0.002628955111414335,-0.10416852559078639,-0.003334918183588618,0.0027546624550025154
PVS,0.009298648680408169,0.12066758536551934,0.018031742182323004,0.022772210138137287,-0.01061331603319719,-0.05317938249114049,-0.05621006528478471,0.04210735310175465,-0.0663200691315683,0.0127472499344616,-0.011416059886483787
PVT,0.017610194868417653,0.11151790794001666,0.012464998608238863,-0.019711433496067136,-0.01952814167233129,0.00856189373979604,-0.1300469752573492,-0.009875351741851971,-0.12254752038278986,-0.0103022478900821,-0.011797062640661328
QCG,0.055787229487169326,0.06406789524362339,-0.006617245022420772,-0.0006482181837809068,0.021776876927516106,-0.13468581313353278,-0.008556910919643043,-0.04101364012068859,-0.019753612299495585,-0.053514625219824995,0.0005075347117265472
REE,-0.004727519920290462,-0.057582397166858645,0.13556917877843191,0.1398103399638936,0.02480680961930877,0.0023126036783085177,-0.16328064351461324,-0.0095485087397036,0.019332027777092916,0.11860290318853144,-0.07489765185522194
SAB,0.010230066067211437,-0.10685756231255406,-0.06442719616146074,0.009475590155703326,0.11569373618375431,0.05635255041990538,-0.09078320686857883,0.018478054417162652,0.008846112101833167,0.0027265927202460537,0.1532552668479178
SAM,0.06257574740217516,-0.05176079342648863,0.056497526268078635,0.02722339044304222,0.05069612567272038,-0.007246224434924616,0.035681411631545756,-0.013110634628557586,0.0033786915879893786,-0.0032483137228423472,-0.004509964655371819
SAV,0.06968116280169812,0.003323405125531768,-0.03151537810379924,-0.041665735222062406,0.012869451678182263,-0.045048687160821235,-0.0009511767654980516,0.01532918763711725,-0.04463766745160436,0.00807940889442179,0.019170211010683613
SBA,-0.037389514617972845,0.08466455759516256,0.06737418000425562,-0.012992995817259143,0.10463755241106824,0.1331745164774835,0.01698706234602615,0.05737956199714053,0.03810201014981009,0.011499671937057325,0.07652111944722625
SBT,0.06648121107868782,0.0029278285787332054,-0.06236181967803615,0.052396141348985625,0.018668716388082002,0.02304550611661118,-0.008885776694480253,-0.05535658278455847,-0.06299586933622417,-0.010643309109736614,-0.030842835450725744
SBV,0.060713351185812434,-0.05956959441154058,0.021627509008115272,-0.0653834694217562,-0.008660846331747117,0.018009284651724546,0.02060516649143936,0.022252037005049286,0.03250654083220638,0.02877411624615676,-0.02721651136455622
SCR,0.06755056210115164,-0.012500837083060455,0.0073134033553810904,0.0805289608719974,-0.014920419036653264,0.019561391621057345,0.04127310345304761,-0.03941620102208425,0.03429148917308504,-0.05286459636493142,0.054130652863435304
SCS,0.0640843842072354,-0.043837243966021476,0.035743708594971176,-0.046598965095569524,-0.04262039776708609,0.022231318368900948,-0.009656203278877227,-0.016927528312854816,0.05421642813249016,0.05793893109226131,0.025375427529941926
SFG,0.06870072573514632,-0.028512845961346057,-0.010487687730164008,-0.047990658428638665,-0.02632340827038388,0.0009252628573517097,0.011048964705411675,0.03044407730901673,0.004861196824137422,0.03542603185199393,-0.02761699235910695
SFI,0.06441514555444838,-0.02116386077702875,0.002613596261462356,0.06374806829914034,-0.030841291306734374,0.06523863296817987,0.03896290434437344,0.07847626254360872,-0.002616951948389993,-0.04103432001921157,0.1188307063212384
SGN,0.04125529378453705,0.0573140112612703,-0.0516270764640599,0.11822987747272388,0.04356266085370445,0.11983720803016176,-0.02093479354618456,0.07420317407400343,-0.10149746312029098,0.03370619753787672,0.0752499862684658
SGR,0.05374158736127752,0.058897331246006566,-0.07443204855775952,0.05252698458157541,0.07557482662721253,-0.05871143035006022,0.039151915012077765,-0.008723632730925983,0.061289655972201505,0.01546000782218238,-0.050425122949135114
SGT,0.06785458503642236,-0.028702101007604567,0.004101216262704371,0.025141490682966613,-0.01407012690859325,-0.005891893193136738,-0.04126898278213447,-0.04333304545666431,-0.016022103004834698,-0.03394751776336883,0.04962860942337499
SHA,0.06700963878517183,0.016323728674945203,0.04038751461700122,0.016115746562932635,-0.015555981954682946,-0.09685464435015208,0.004943720183047183,-0.00046490689665901745,0.05095557106271382,-0.01873105887501622,0.07165410797489889
SHB,0.061279219722516494,0.05721962367675298,-0.023561103023578677,0.021918266399154493,0.011318569228980701,-0.009779595491699255,-0.01691961775461533,-0.08050822857477988,0.04505234310586776,0.019341857893485175,-0.051452856305117
SHI,0.01776647416491739,-0.03532444872407072,-0.056471714235340455,-0.16225453605735124,0.09470921805972785,0.07136823134977538,-0.2086746341268637,-0.026145990881250768,-0.016895975253983245,-0.05746871044476254,-0.06367342927119987
SHP,-0.0038102629336610578,0.10907618163788668,0.09961467134810775,-0.029304980618303594,0.03900022245951265,0.027648900874534272,0.05466014266697566,0.06925455314146112,0.05181336958665505,0.047861238434610806,0.052608803988677726
SIP,0.035799385002210186,0.09656065461602453,0.06840667335808305,-0.008444955927402251,0.08891379695702593,0.04302934432079218,0.014697941953416331,-0.02225009068504472,0.05452212232373978,0.08417414610680933,0.04616169613731662
SJD,0.06531534263184871,-0.00214857182293283,0.07499398873663204,-0.03783823178311373,0.03961420606678744,-0.06286920243992417,-0.0094156879260976,0.005964562562055831,-0.05489880521080384,0.07395723431714454,0.056736795487519684
SJS,0.06342667639845104,0.015144287753772339,0.0725521097112586,-0.08942225433045979,-0.0064274484187895305,-0.020157194755052708,0.0019514868124467647,0.014747159842263095,-0.03372464661114104,-0.007158205225273929,0.023638187933408578
SKG,0.050440711536795226,-0.0062115347375353855,-0.06570889727929735,0.12031477444364283,0.1251738412333565,0.0677231548270836,-0.017956565389728636,0.05215572735266727,-0.02739099682583229,-0.052529945806118604,-0.16232559804289964
SMB,0.05239050340525904,-0.0459281030825104,-0.034089776836310454,-0.12490279718553518,0.08587283569741043,0.051853753715656155,-0.05829959670354328,0.0013831744604120468,-0.04487965545973912,-0.07600917856878793,0.04068891138801913
SMC,0.06886546314288822,-0.03388691280141693,0.00044520270772099185,0.029907491596710557,-0.01633814200063886,-0.002583501329960472,0.03327946183400205,0.003469330432956966,0.02204001016535085,-0.029315787509549027,-0.0023378915950194035
SRC,-0.016901342096151253,0.0991780547459702,0.02411639648501966,-0.11384106149431983,-0.06277596459616432,0.06641772631506841,0.05445135260998057,0.06428153203745837,-0.08293346631602506,-0.04244015950444063,0.09855681682039816
SSB,0.05415544918057239,-0.04445930297078012,-0.09351284183628752,-0.012419288126827806,0.0849267082045312,-0.0036965223065916516,-0.008704736105212406,-0.0846489504679758,-0.05988424996760112,0.08614845157583466,-0.0009894392794345158
SSI,0.06237660333144334,0.05865669988633788,-0.02515598856107591,-0.04906867133852748,-0.0008954534659059719,-0.030998067887648507,0.002150928189217053,-0.008663435329381672,-0.003982888947895197,-0.007618570544461691,0.010275837158801893
ST8,-0.02649363339724824,0.07060305836431434,-0.006646771862012749,0.19606320320281542,0.02903735695133488,-0.008618886279968565,0.0802754463377201,-0.024641707237038294,-0.029491069895153987,-0.007618414580559577,0.06459191385229811
STB,0.03156538174220863,0.09538483184916112,-0.0949606873569899,0.029706752557462773,-0.034816557123896794,0.027634919066646096,-0.043107763634855405,-0.11067838909534447,-0.02553246459647056,0.0012584911973349848,0.046632152122459934
SVD,0.05947207013666838,-0.06016604545403753,0.024198556651014842,0.07409130121670508,0.03310256524166936,-0.010275652938686234,-0.004183339512307163,-0.04548110329544172,-0.0024898816628259675,0.023534672145075437,0.011428200741489414
SVT,0.06894113877726393,0.003616716917304911,-0.03336968265869366,-0.02083100872908753,0.033638699370138365,-0.010936352991066194,0.03616234083896553,0.06862956472569853,0.0034793098468756866,0.008048129799458783,-0.05157961332718061
SZC,0.06559235174198609,0.045110892749758505,0.0056759037222934355,-0.05530268587089483,0.0011539893461997562,0.03165178657330179,0.028899047205307296,-0.0337173401780137,-0.027121466421309737,0.0019311313870706366,-0.024554972931222017
SZL,0.04822589987683278,0.07608409395373084,0.01391991510290822,-0.0038745833454491957,-0.01833777031453302,0.04380317420556967,0.031918139351603286,0.10921163563849581,0.0351139025479711,-0.04192580618516979,-0.13818421219550572
TBC,-0.014464231835786894,0.1223112955675617,0.00020449700313771515,0.047824086716011155,0.03153284393874007,-0.026742209679577345,-0.008808158898318074,-0.004342559123210674,0.011602458682839066,0.03193672793551897,0.044073972356451406
TCB,0.0660875310421078,-0.04444425797817942,0.03378445611487863,-0.023496857160490298,0.018213800862025318,0.015097966039175853,0.04186489868018461,0.0073965943812394725,-0.024889522805698252,0.016574703964267395,0.0010166569814637062
TCD,0.06914289931001388,-0.013088357597012394,0.01559294103937868,0.059193558677046974,0.020855859569738996,-0.0027989839080807136,0.04013367841953994,0.004726819926889433,0.05868285034620972,-0.045448584756639314,0.013902378303776868
TCH,0.057868396453830136,0.0656728550519764,-0.02547010221835378,-0.06779846055884386,0.003356788931505287,-0.04304553125431452,0.008763169774528356,-0.04036258080085962,-0.026238367366356322,-0.020153544203449766,0.022698049169961997
TCI,0.05718228771977203,0.07277503674573911,-0.0334221220712732,-0.03182947875107626,0.00899285265459952,0.003898807020085801,0.011803427298604079,-0.017583285005211544,0.018348857169637196,-0.033939530710044526,-0.0165195400755962
TCO,0.06590023914220904,-0.027576945482776352,-0.026961304550041816,-0.07967395018000449,0.021393015708478815,-0.03541852413298864,0.020320452130458355,0.05468512925455197,-0.0707318561432137,0.011411728604420681,-0.0036552456880956296
TCT,0.05086428702954348,-0.08083633662241695,-0.007429216181002903,-0.04599768992233342,-0.005859925036565137,0.062330907469399836,-0.09602606065985234,0.01035616143983326,-0.01196280230150373,-0.03611705353585035,-0.03201132017453983
TDC,0.058566612313330366,-0.03338450387572507,-0.030708563726629647,0.038079150453164005,0.1632495128825247,0.03307973120109385,-0.0068422858695971435,0.023837341233960373,0.03952160052181427,-0.10886669867990793,0.030888298609935808
TDG,0.06742033042121026,-0.03573528808954433,0.030890489157826388,0.03362164578208492,0.012909852525300726,-0.03410144494293571,0.023391430956606646,-0.02025913330487315,0.02824443898501808,0.009064580429835217,0.011471219455109568
TDH,0.069211923993392,0.0076936537029527845,0.0005478149488448785,0.024603184973488665,-0.02705893090418404,-0.09548080464727418,0.024065063708596138,0.012204802422528391,0.04151644056321582,-0.020307144255542434,0.044431842749418235
TDM,0.009356759581728716,0.09987240245673508,0.06405743916766879,0.07751853448714523,-0.08671690871776067,0.133737037012996,-0.07507709072870115,-0.002338309707588799,-0.06514594786059645,-0.028196592138308905,-0.016148843299204494
TDP,-0.0329541610865258,0.08540084400407057,-0.048760536332316265,0.07080969011568504,0.07424583334882248,-0.006825945482414191,-0.10004881978347047,-0.11602765016721098,-0.018329756823484724,0.014239917020916218,0.09180837328845795
TEG,0.05737309588813675,0.05853774332153982,-0.05820392033004908,-0.009016210284336761,-0.021860014590651893,-0.06981733413200232,-0.02228331143098535,-0.00849673818642961,0.021189942327862255,-0.07085120746800401,-0.020418514230203143
THG,0.06699203171261933,0.01855536603924247,-0.019687880882031248,0.024403016539637844,-0.07978392118705557,0.0003136285181587267,-0.044536114825822884,0.05927717579142004,0.02860763263271888,-0.08833516043762502,-0.008678876800108117
TIP,0.06533776145193254,0.03976349610527412,0.04511278618411315,-0.003457071966259677,-0.01843888917112613,0.014942856033333039,0.058708828660005354,-0.015471947736219302,-0.03281963481639518,-0.055458753078680686,-0.01734302639404367
TLD,0.06930897016385797,0.01398333099520137,0.02796102867859566,-0.03853791617214345,-0.00843636654787764,-0.02370482282350336,0.057187012785317966,0.010512993736837499,-0.020286695102590062,-0.06704401384525471,-0.0033028576679811957
TLH,0.06853910894237547,0.025401768370278785,-0.02700259938892476,0.027237007895150434,-0.037239481947069344,-0.01570338688597827,0.013570842179237342,0.01593576443695523,0.07016066892494353,-0.045039369411364896,0.03563992806833582
TMP,0.02190108296907992,0.09673178939208064,0.06704018207345151,-0.08481500616960926,-0.03240576366448279,0.11569922410626653,0.08848690448617284,0.023241673114618385,0.08324898736985627,0.058723798621757146,-0.026523071066042857
TMS,0.06420068026819205,-0.03241998712232806,0.03068957399627429,-0.07285506348570812,-0.058863058511318525,-0.047343540257881456,0.030160970885472118,0.026180936540126157,0.03238349746163062,0.08668994677151642,0.003489961914357895
TMT,0.03112316560852385,0.0146769238940972,0.027220486241125025,0.23006278607758238,-0.08484631590723458,0.01390911085357158,0.08345279936985418,0.08455316343228146,-0.08882393932625468,0.06911566886621187,0.04836325138261496
TN1,0.06530658173622293,-0.046021329971234134,0.01954024025874694,-0.03753917590885683,0.007758354447208875,-0.0505877270952998,0.011188986859084898,-0.0008552252345162708,-0.03739769183516323,0.024272784948650043,0.01597805583518705
TNH,0.05433312745213827,-0.021622044373995397,-0.06774064812028761,0.10715286634406718,-0.04461569826892867,0.1104681489478356,-0.02787635206001339,-0.015891921869625302,-0.049341675620863126,0.006328058524227708,-0.12979265081870073
TNI,0.06396956033401649,-0.054075079049110214,0.004641247456695933,0.016167422699011107,-0.004107699993631028,-0.009603541749691583,-0.006969186990483213,-0.045455927700490326,0.06710046326530199,-0.033776292979618816,-0.0036620601544721143
TNT,0.06902606264661908,-0.016341842577854586,0.03510171500316122,0.04215676271317998,-0.024362883203196743,-0.025114175385254806,0.01146215237649118,-0.038729922987593236,0.014129765647940818,0.0007770637156267433,0.055694038176732796
TPB,0.06582626492738283,0.033882535655622784,-0.0573118419678742,0.020344612240647784,-0.059817166683635,0.005264391557089201,0.032001949834381004,-0.005060517714787966,0.048079088432809176,0.01315025463424122,-0.0037552130498526687
TRA,0.029750028729802574,-0.08053864499630431,-0.06895080893644229,-0.0025750578449821697,0.018208216029563462,-0.01147112134307187,-0.07069804535341405,0.1844038253639786,0.14674438590446917,0.07399956506442229,-0.07365743962885668
TRC,0.06855374148397768,-0.017557880259303608,0.034828895850748484,-0.036221757760178594,-0.007811211693510896,0.019782321757181566,-0.019312388670125368,-0.008204179425931305,-0.001611788154671203,-0.010823078763430293,-0.018884031128708182
TSC,0.0681083715344656,-0.03340803746037191,0.005641791204003854,0.046589957172641236,-0.02243849308320985,-0.024885446415889672,0.022960088088541695,-0.03347420850458306,0.04618748792888084,-0.01856541467286827,0.011568961497408674
TTA,0.06289608378660666,-0.05090815801149723,-0.017045636247743183,-0.048943883899774304,0.02381414080470051,0.010156389403876469,0.012604631042008162,0.025241572624149264,-0.03615741024544469,-0.015831810505591713,-0.016095778306130487
TTF,0.06574526546931453,-0.04278667014490036,0.025556625636381527,0.05251241318395062,-0.013715935208703716,0.014724572590616743,0.028866530193266914,-0.061334152106594216,0.023859312512077215,-0.004141309850447057,-0.013906823712908856
TV2,0.051751884156353366,0.08448893413576755,0.001482086734268993,-0.01988392478443671,0.019619583744188974,-0.05726515906761066,-0.0033099607970880243,-0.010297869167418441,0.011029049472765775,0.03024804727240882,-0.012630774207015737
TVB,0.07059691008289232,0.00018487675894648421,-0.03380317654676085,-0.03439943174289727,-0.018531242264436983,0.010571547824950896,0.027783034536236432,0.0111473381040337,0.03749712392255422,0.0009261792450583993,-0.03288759497798315
TVS,0.0652966963461965,0.03264900872795327,-0.009185642132873404,0.027475529140173652,0.06639504751879573,-0.06927878754544128,-0.02160689499934271,-0.0346812852885955,0.026034689861901314,0.044629733787027254,-0.04874069849066855
TVT,0.05023001748116298,-0.0865621602896257,-0.011317916494143565,-0.007252764523788645,0.03376709055476489,0.05493976029646522,0.04219854475224325,0.07082758624477818,-0.020266342203181027,-0.008396164855946906,-0.04654688408518372
TYA,0.06318456246657017,-0.05594530737232273,-0.024176348800238123,-0.03863742955993659,-0.0397112661496987,0.006034201978699323,0.008275097169258453,0.03381626555186214,0.002954388669741748,-0.0332356194331873,0.006775170162717986
UIC,0.06206471914287148,-0.05210480090930367,-0.013575037247873649,-0.06130262344548403,-0.04886105993595399,0.042505673922377626,0.021023788074360186,0.025301450826310627,0.00069769484813454,0.012738841680184828,0.03443960800541546
VAB,0.06866678350722781,-0.03263528488658348,-0.03431763880983418,-0.006115291808923018,-0.014012579153183406,0.02738369386872281,0.009792768658725127,0.004429545806260768,0.017500458925806827,0.01665502135022878,-0.001159695169723458
VCA,0.05402264470058963,-0.07495298667810782,0.0507610272371391,0.012121899960724502,-0.05401685969970357,-0.0006579727718774713,-0.030890097768544116,0.049004441074151896,0.05901481511035742,-0.03239205764404198,0.00675397529157655
VCB,0.003792638737216197,0.1120000412987731,-0.08637766130563694,0.023155684605077376,-0.013283782453615178,0.007537122954084368,-0.003481202207105789,-0.08912013150559611,0.016675242539803854,0.09539499239277358,0.05785319957849546
VCI,0.06039178624150664,0.057667962649811,-0.025040645303901148,-0.011165855324566131,0.09403453907273665,0.00853241764899035,-0.003922769892424559,-0.0411372111774588,-0.04917307035271543,0.016466805886013163,0.02225335256496717
VDS,0.05418776754451884,0.08096490061818047,-0.025827507514757802,-0.023028688751246758,0.03382168379243888,-0.02583031515418028,-0.01032945981383077,-0.002133463429213149,0.011359148893887273,0.0012574453951831653,-0.04604929728819459
VFG,0.04592872426808425,0.03385003856163367,-0.006157296977483098,-0.10877374123045999,0.04565505568512559,0.11794287321237333,0.04633961361802193,0.049135576607638703,0.12045571697299677,0.16331323493584568,-0.021032253932685485
VGC,0.041742564002650896,0.046565046593698006,0.11673816377882631,-0.0005630578952477166,0.14948036603400727,0.060140283258499384,-0.05111091174147358,-0.09058843331486484,-0.1214081320355375,-0.07945714852811299,-0.023367317301163003
VHM,0.06238090615259774,-0.03976401634121535,-0.06008035135737619,0.043577394056533866,-0.0021676937615830046,-0.02033341032111592,0.01773821842519023,-0.06802950587783022,0.03133816933415698,0.06598833668554466,-0.08385354862694011
VIB,0.06273357406406777,0.0479466516497184,-0.055220049912746934,-0.01400907431252742,-0.03428748268515506,0.037579539164948675,0.01569267013479088,-0.030713914040742783,0.06980231813550346,0.009249427118930127,0.010666288980858338
VIC,0.05702160594605906,-0.06247429726959233,-0.04614071819508503,-0.011327771073763272,-0.036127181083236315,-0.05212746278406687,0.0024221959776574635,-0.06129268323935939,0.07008115158570635,0.0696159537033266,-0.01388430559024802
VID,0.06281857285519352,-0.054231570765561635,0.020072054614932004,-0.05493794079201472,-0.011921789995168445,-0.04669479669128804,0.009091071121054619,0.022305007316999005,0.034581286829059484,0.04245238037976898,-0.03016429611420682
VIP,-0.002482921772511322,0.11346211882705702,-0.09362354360781285,0.04758382901747383,-0.03434996796805907,-0.005060068026243256,-0.047712805053049985,0.032630317110181606,-0.0328758801132449,0.008952622712918768,0.03545396763418605
VIX,0.038998852154770655,0.10311535063093782,7.215562417514691e-05,-0.021270229627807558,0.043527999253343164,-0.058880732942966335,-0.04834202818444919,-0.0546411878755165,0.023898689060060048,-0.01443097516519429,0.0007175185836497132
VJC,0.05317432331651855,-0.05741315497590176,0.07613488546923128,-0.05803611643365318,-0.08334503573827304,0.030455782222573783,0.012764858075795128,-0.08504879298080582,-0.04503247489167705,-0.06100231889261938,0.006198042865681886
VMD,0.05621174893811031,-0.03454597806914173,-0.08096210986683398,0.05113869750562932,0.01480533819360858,0.03675941363738308,0.07233811929265828,0.0588960262098249,-0.08980305516920631,0.044612884808549476,-0.043743939418149164
VND,0.06942972052185876,0.015277915973810063,0.03655697932651304,0.0020989110521499195,-0.03224935700930249,-0.023224851738732167,0.009902438508197003,-0.02472742129264772,0.047407300504298276,-0.04654444498544677,0.053519719615989364
VNE,0.056529836143376956,-0.033662073711519976,-0.10780321507878017,0.06448704896442299,0.012528515097904099,-0.032774950266093617,-0.0518605039333787,0.010797854879689128,-0.05430145629481053,0.07478955790746003,-0.08849557676516882
VNG,0.06038693668907526,-0.03735694889829712,0.008324466400699237,0.04344727544474509,-0.08528852253703484,0.09025442097317209,-0.008153434838918101,-0.12300830270188311,0.017258682854581535,-0.059179969340683994,-0.010297379943907423
VNL,0.05661283053445004,0.03121731615205598,-0.11057873964883372,-0.06427228902959546,0.0668948771449173,-0.014530332399161256,-0.007402545072916203,0.017185153352264542,-0.031220275475233882,-0.011289703013653873,-0.05759126162211405
VNM,0.020722350005542664,-0.022223425208492548,-0.09648814100071468,-0.1335153685036256,0.13722735826148144,-0.046934169979164955,-0.1860658729362684,-0.17813158435706533,0.01171887803635979,0.13612305745373204,0.14105436504045338
VOS,0.06616967468870194,-0.014742913696062138,0.019730346196763174,0.037553284129031465,0.009258018826869505,0.05419871647362175,-0.0681855259345716,-0.016040276443958806,-0.09269033600408788,-0.028786103528431476,-0.12217259144315507
VPB,0.05528364722564474,0.053675131352600824,-0.06569036633777078,0.023922151309065588,-0.046386572269229216,-0.025741681981501095,-0.050980101187112686,-0.004883925936854022,0.0036845638691131105,0.004471006340496011,0.08240819975085094
VPD,-0.05575956111946785,0.03180742120398013,-0.011290064499115437,0.023165569302187567,0.16406899579131073,0.11714345973427881,0.005156422316226605,0.04189506677251395,0.002835878731891313,-0.03592767157924487,0.006905825996480061
VPG,0.06721810441482824,-0.02662895975681155,0.05608036568151335,0.01486429273162206,0.014040854215945328,-0.05660318902781813,0.021828991117682148,-0.029428936336037617,0.02481686931869519,0.04277766597585608,-0.024055966586356052
VPI,0.04288217744981946,-0.06869560857775776,0.08854176190181465,-0.06280325997283615,0.1231156420042201,0.020901775416656176,0.04724135546855882,0.06792310933314631,-0.021094265809428178,0.033190373450015985,-0.04957260505811304
VRC,0.06807935504883951,-0.014782584236614786,-0.06529669266115776,0.010092545849411078,-0.01453386654029695,0.0066895710060429145,0.010396228877417011,-0.022303069720160825,0.008825960449942275,-0.029837230434214147,0.036215319327639835
VRE,0.04631551499314013,-0.039034538323323674,-0.13001892105998653,0.031025279442563884,-0.015566467773871292,0.018128539652138488,-0.11649191215308838,-0.0806022437923372,0.024349428071061146,0.11895925930359,0.050078620569220064
VSC,0.06164799846756653,-0.03692372763231781,0.04445542942093623,-0.01988014177160019,-0.002915277563201618,-0.03466635009076378,0.029907955300361746,0.02520619833328965,0.10398216053962023,0.16177835911499416,-0.0728856233662124
VSH,-0.0172683343834118,0.09334444328176396,0.10710024754834975,0.09596454036273826,0.03123777036421726,0.06095108314585915,0.01791005637667904,-0.047924507806795684,-0.039754781580291935,0.13260088134860526,0.014774702627320998
VTB,0.03063842654672566,-0.0710833557747574,-0.04307539307936376,-0.0716775513710133,-0.052020950709401666,0.1118496671211835,-0.003810740573551494,-0.027392827159790537,0.1346625820925663,-0.10189891903383536,-0.020468569395717694
VTO,0.05496916636043194,0.05719644052951701,-0.08501408917133377,-0.030529333892032405,-0.034411749108934006,0.015258393211049671,-0.012237466515949218,0.10223076826451406,-0.04805082390280408,0.013501608850515986,-0.03331133842957184
VTP,0.05572219767713937,0.05361920223747299,0.09817125240375855,-0.03972226025917364,-0.013162263321311587,0.02332797013032271,0.02643361365005858,0.03827541809729306,0.08510069319156173,0.006664274423700453,-0.027442464704255144
YBM,0.05506217039000268,0.07237328793244657,0.039037335415017825,-0.022336191760899314,-0.01425048305957389,-0.008029996008313769,0.05511961471608398,-0.009145135492487426,-0.047743784200171745,-0.03993865327335732,-0.08190174479055715
YEG,0.06641319829819835,0.009362991412089008,0.01431814487220484,-0.053719194822612344,0.018742975138239578,0.0377569970736867,0.06148238927896808,-0.030879398791204694,-0.14870215789471408,-0.0021239666703633353,-0.06314784425409546
