,PC1,PC2,PC3,PC4
AAA,0.06700917607767072,0.01161662662535747,-0.030885340133489484,0.07656743062897857
AAM,0.04991367737151471,-0.04723857044252682,-0.07284999528540743,0.04230967313549157
AAT,0.0636613432585065,-0.04787062725310818,0.05663127987575619,0.02842257463968784
ABS,0.06556124263838184,-0.048931320436144066,0.029370015713942356,0.0225444079983601
ACB,0.06286299548590377,0.04122394233387574,-0.035072219027563266,-0.061835374082791106
ACC,0.0510199288777739,-0.048666775053223914,-0.023493780979571124,0.06243974641310694
ACG,0.06417954491555616,-0.04342551099469121,0.04943639260862291,0.0028104731644929006
ACL,0.06448693854589398,-0.019463229978815038,0.05779941377847524,0.07794692125108453
ADG,0.05513406788842761,-0.05798306487953584,-0.06833344514682857,0.06483231769007182
ADS,0.06806736793038551,0.007431714160888106,-0.0012840155975262437,0.040024205626625245
AFX,0.05557144372241141,-0.06568568894961968,0.007227202188912059,-0.006641036765715192
AGG,0.06128381265923831,-0.058887600807131395,-0.016729855311702294,-0.03401366011122936
AGR,0.05188559282479068,0.08332207330903135,-0.04284622576205444,-0.01745596764781742
ANV,0.05649683898190823,-0.05691231110948343,0.09006657924794988,0.03966979719244781
APG,0.05547733426999551,0.06572706783267009,-0.0615231588976414,-0.0705927546832674
APH,0.06733209896489566,-0.03804490147715182,0.02497665420296554,0.041277530005530125
ASG,0.05857768165412964,-0.06407477241581062,-0.01987427806550497,-0.060747407651322985
ASM,0.06817471188127888,-0.020421084979023927,0.045310915374800774,0.037925709309321085
ASP,0.0659723206097016,-0.028661252956017583,-0.05419907991464718,0.04207813761860776
BAF,0.06624298651888594,-0.006400348108198395,0.011781266519299052,-0.027078068188719055
BCE,0.06940100576716796,-0.028529360197672715,-0.036087416963553165,-0.010024164415165644
BCG,0.06637945888918563,-0.03207550487042878,0.05193743152488096,0.05415483694608703
BCM,0.0033124883651909232,-0.07841062386291638,-0.08173497877680881,0.05408235625070887
BFC,0.06407129892560876,0.03178225472934202,0.02513363441340304,-0.0628786347030589
BHN,0.0594716497911311,-0.07093449760659871,0.007759169473779576,-0.011215138770116054
BIC,0.03397437526425647,0.037001141189528915,-0.041953822634768434,0.08335468690846534
BID,0.04697263024324089,0.051761326308552756,-0.08517010666409489,-0.07686477848254024
BKG,0.06877514657366846,-0.02239822719713018,0.026520125788532994,0.010622351619583158
BMC,0.06010140771081372,0.040592971539653286,-0.049962750955588116,-0.07204458817173384
BMI,0.06769224029768887,-0.00886942318323502,-0.00897467132790579,0.03491398108891453
BMP,-0.01217120363646497,0.1205304447954993,0.03335629311918869,0.025252833730637008
BRC,0.06655756485749008,0.025528880359949727,-2.7112045850349996e-05,-0.038621819878822995
BSI,0.023097670266159713,0.1172714131409314,0.0362746100697204,-0.024512722011401002
BSR,0.06196027105415352,0.0006475432463180827,0.08001372764666599,0.02634579636625724
BTP,0.0545857510813347,0.05186596068812401,0.001326802953406018,-0.0689311159233362
BVH,0.04996789533650743,-0.07486235777851337,-0.02705046183232453,0.007574198866165599
BWE,0.05828728663261973,-0.022496365594785277,-0.0376009451292726,0.042677133120367874
C32,0.05821413459769664,-0.06505955722550444,0.037506513791477215,0.057838413411256756
C47,0.06549127024934799,-0.029057710769874123,0.06578048659328747,0.03659715513258177
CCL,0.07086401644474612,0.012377653715658332,-0.01295030166791131,-0.02952546450484475
CDC,-0.042864157660622244,0.07617457735140439,0.08780573423921166,0.003253558920480201
CHP,-0.0389604424777579,0.08341200771635134,0.09260370047626303,0.030516750864112315
CIG,0.0685661574625304,0.022575662601575917,-0.011720837750344987,0.01595185220979999
CII,0.06579309407234697,0.026495749224752296,0.011087253192174169,0.04898553132592022
CKG,0.015995554081164147,0.037088378775756735,-0.1343373563093903,-0.005179784264861493
CLC,0.037312267523727474,0.08740174885915952,0.0540553328265364,-0.014642079937944997
CLL,0.014574408419557618,0.12389897289872566,0.017880512097964974,-0.006863425163460016
CMG,0.04836717413389426,0.03658441232052331,0.1212388464777062,0.07957705454561455
CMX,0.06567402573426555,-0.03341430931092719,0.039654833398590765,0.06381345320419467
CNG,0.05682230234302563,0.06362032586947847,0.027879612560792945,0.04429355965982867
CRC,0.06831941811647184,-0.002649727853026658,0.005486391822981934,-0.002829233812964124
CRE,0.06451945429617087,-0.05081507656964585,0.01638188567298037,-0.025036330033647827
CSV,0.06364086274012293,-0.039799800480634424,0.06291394856594675,-0.027317369955063987
CTF,-0.04380174785001445,0.073246387232813,-0.06507304058568851,0.04520855869613955
CTG,0.024886629771635166,0.09006436856269716,-0.06731842123879546,-0.052947076858778835
CTI,0.0621780143066798,0.047945788224446784,-0.06843312412828785,-0.01824686753177208
CTR,0.03198604034710441,0.10025085244331987,0.07640024960442801,0.014155286934655046
CTS,0.03379004637365277,0.10982868417412453,-0.023268358530876863,-0.016305153835363195
D2D,0.07031945187344199,-0.01895316880207754,-0.013028340442342003,-0.030144314978891355
DAH,0.061625816725647015,-0.0484462767164949,0.049847423378609625,0.04846874683495266
DAT,0.06370105516556201,-0.04703514194777773,-0.008888910437165476,-0.009876009103430127
DBC,0.0647710406046607,0.048314901919172655,0.006586217850869663,-0.016197386379938603
DBD,0.0259253600270524,0.07938295557357478,0.12525216330892064,0.032992997578004196
DBT,0.04219192392293357,0.07352424373184019,-0.048096625085654855,0.10493534788900784
DC4,0.06905219738560077,0.016597079796096512,-0.008538391792771707,-0.023499869983876816
DCL,0.06090302889616899,-0.02297665626012972,-0.06218144722636161,-0.065155238774234
DCM,0.05160866978302887,0.03269854736657942,0.08215867971046925,-0.05289778882533566
DGC,0.03730915499001788,0.03526470819112094,0.17782605125930567,-0.0004139769338716084
DGW,0.06094571251209496,-0.031094671268533037,0.09346468600500067,-0.02366888710122966
DHA,0.038761818308511525,0.1026147197747892,-0.019236923107470844,-0.009666659647837446
DHC,0.06661064120369876,-0.013226707158640457,0.04897768685955941,0.03190562391827543
DHG,0.020180131324672244,0.08807165483256903,-0.05731909737342211,0.14253229654813382
DHM,0.04017921145131659,-0.08512932003749776,-0.03904044657679715,-0.07117265093823694
DIG,0.0686638879443889,-0.0011175220221666521,0.060046548828116685,0.015731145192396944
DLG,0.06716744721552668,-0.029635009038518102,0.010585039133698331,0.062414891276465205
DMC,0.02241753323264304,0.10263885026887624,0.01988253622516018,0.06773083333245522
DPG,0.06926402532968667,0.016926471803272496,-0.013857451399713602,-0.015470700054306676
DPM,0.04851130755365841,-0.037249530130323845,0.08238360790541281,0.014914138889390015
DPR,0.06716131295318896,0.02214522120251825,0.05178605023709818,-0.003945928612649691
DQC,0.06541288832863235,-0.033007275146936334,-0.04982672799172887,0.05415128786948121
DRC,0.055488249072687706,0.03724388572084525,0.09164677688664274,-0.036986155891415934
DRL,0.030525447525810125,0.07231029107987709,0.025324024164120947,-0.10315181102678268
DSC,-0.03601916215220873,0.015392956865819487,-0.008441759932962598,-0.006441628676579191
DSN,-0.018898659353454254,0.09313213829996533,-0.05151813724173506,0.06127313344218696
DTA,0.06885676828778059,-0.025900251248649475,-0.01884401025147005,0.011259957689884546
DTL,0.05061838523193655,-0.04379306153767681,-0.13080523325270987,0.040226301186112035
DVP,0.027037274040158335,0.1129478033194276,0.044995823059478635,-0.03187066138679468
DXG,0.0672451364722952,0.006410021986101818,0.0642908018242216,0.003259383660499103
DXS,0.06752013347626441,-0.02323617869319199,0.060113456647063496,0.03089659281693997
DXV,0.06569106661159162,-0.0382142235745512,-0.032045314506177196,-0.04269107383777141
EIB,0.05991572329323248,-0.03300036833198651,0.012068185612294646,-0.0688414482473506
ELC,0.024287652133671827,0.1132017460766271,0.045200011828565846,-0.045074338266110424
EVE,0.029606447793450962,0.06519978641804892,-0.07141538787579961,0.1492165182683828
EVF,0.047271551630879614,0.07921813799572737,0.043369170238164084,-0.10280400612541425
EVG,0.0679905968518429,0.008879803208652856,-0.0015577083079640515,0.0474691806792452
FCM,0.06786925262841965,0.01701066711901995,-0.020382163949601174,0.029110023085370067
FCN,0.0631967007330457,0.04355207016665106,-0.026082815337262897,0.07790252278573565
FIR,-0.02467122106374581,-0.09489576114633316,-0.07496670498998499,0.12277632466830707
FIT,0.06826940080067602,-0.015963637464230733,-0.013233731967130293,0.06724331672601006
FMC,0.0619814999820783,0.02263742506461158,0.061267518628974484,0.06727955647692958
FPT,-0.005871199694992362,0.10883253490629974,0.10692869993218512,0.012520410881136024
FRT,0.006790917793075045,0.09271666811250995,0.13363058881984474,-0.0413541286196977
FTS,0.0489780209108902,0.08699942741872307,-0.008033335922645789,-0.05333583327338204
GAS,0.02751870316994975,-0.06887576938946087,0.02789316317986327,-0.044921430237281575
GDT,0.05526063596693589,-0.07645340748074952,0.0096279174669048,0.03950462392731671
GEE,0.06494176535715276,0.01880613585907559,0.01035066318443039,-0.050259139942447836
GEX,0.06502378857543589,0.046501746609396065,0.021242205065167302,0.0027940369324931337
GMD,0.027585716533258756,0.08107448074469616,0.13358003467610075,-0.043446489576555974
GSP,0.05102044056091704,0.07876796271424166,-0.04045874059761121,-0.012506809431536082
GTA,0.051879370458676355,0.03225784947732369,0.028285500130385173,0.0640352248205569
GVR,0.06970475244087437,0.026282853472222856,-0.004333986564015324,-0.022113087722011846
HAG,0.041547874963117674,0.03706216780853076,0.06088856109115523,-0.10612230731699729
HAH,0.05059948932057006,0.015060710139531818,0.13703938957109132,0.06372404569211629
HAP,0.06735004727959386,-0.023319417138378862,0.059711049041333446,0.033580747819995906
HAR,0.06684246390797427,-0.015491251580600171,0.00633474149357714,0.06642657730983557
HAX,0.06232104515701674,0.006767030966533459,-0.07612646945587906,-0.02223036124216052
HCD,0.06299110577862957,0.0427272225746032,-0.04517149910205775,-0.0594584972887888
HCM,0.048165831649060645,0.05960031656102319,-0.0895442640262955,-0.07731968304033549
HDB,0.035837728967468424,0.09832790272281798,0.031594623057601634,-0.038371261494316924
HDC,0.06498001367543724,0.022787605118168547,0.01783976700995604,0.03207733592010408
HDG,0.06625282721769969,-0.014209982325792313,0.011427511029357015,0.056985623817329044
HHP,0.03608286531948084,0.08624160752324198,-0.07160023031738759,0.05481160913571742
HHS,0.0639570485068297,0.04851915967390043,-0.0190523702137948,-0.06327590413193233
HHV,0.05320674564504039,0.07904336792139731,-0.05410980794043002,0.002083911726406194
HII,0.06911253503891773,-0.019956162296690377,0.045294614797122934,0.008666474040066303
HMC,0.06503250031780371,-0.04115517306037159,0.055637279715152026,-0.007035987148268483
HNA,-0.04230523457259606,0.06348946071842539,0.09866120370790635,-0.0017121429762075211
HPG,0.058758963411444945,0.06516129589722651,-0.041177909144388944,-0.0037043603735376243
HPX,0.05830120262159515,-0.06265558106709672,0.0401404980157047,-0.0558579003424757
HQC,0.06488887983716672,0.017777925357507874,-0.037208257187116414,0.07180968986131775
HSG,0.055393384122358454,0.07027439010549585,-0.056422908078927504,-0.0539196911558931
HSL,0.055144097427519155,0.05540601406748596,0.008241566704389141,-0.0415623580225936
HT1,0.0585100135705381,0.010524537282304744,-0.07289986952820032,0.11008699071958376
HTG,0.06249949549127869,0.042402666277316155,-0.017017361062729875,-0.03507813793182355
HTI,0.05720391461896499,0.04510805730780068,-0.05856544932748551,-0.019872398786920993
HTL,0.06066748577857245,-0.050952063710363635,-0.045765619187102084,-0.03666536582265687
HTN,0.06464091077261731,-0.04208874224007839,0.06140615850038943,0.0027809126466846693
HUB,0.06900521805645926,0.015459817374547012,0.02376952955973206,0.0018782027704264588
HVH,0.06612177108378316,0.005681549656905773,-0.08314311409053665,-0.02333121478001564
HVN,0.0666665003528841,-0.021184089897644347,-0.06201928869676576,-0.021651301429981062
HVX,0.0691138701011227,-0.025441754313806235,-0.003362848383601972,0.04018506982939502
ICT,0.060490169130229386,-0.058833710977960876,-0.01588266616849832,-0.06362937919030524
IJC,0.06848833541502664,0.025208374302151657,-7.114907969213276e-06,0.038507426438910516
ILB,0.054647992253041094,-0.01472073261438809,0.06787798891133981,0.09231581043581691
IMP,0.06241122959817165,-0.05183549776140401,0.024946670828400252,-0.05514559178414599
ITC,0.05710934827179204,0.03710634143188512,-0.032541230938164474,0.08094613960239848
ITD,0.04380403251521448,-0.015696930012212652,-0.13875916891295192,0.031669935491066385
JVC,0.0674381869592334,-0.030818897071050157,0.013431284329834012,0.061688642784954784
KBC,0.06289558646602879,0.04299857570779308,0.015148902535571829,0.04005978780580657
KDC,-0.010635507782476137,-0.020404496726378063,0.1390876972409323,0.0695762996930095
KHG,0.0683060878995174,-0.011274041045562299,0.040216266680321196,0.04437000479692334
KHP,0.06643533692617652,0.028054218676556483,-0.048809840414372994,0.024346273915527662
KMR,0.06814905352283455,-0.004943096190700676,0.025595171330548543,0.06302523448926181
KOS,-0.04401739476592891,0.08306521583664978,-0.011312875829778387,0.04322519903585622
KSB,0.06192672102391627,0.042464185976021473,-0.05134597763577198,0.05713449085679303
LBM,0.06190630398362592,-0.04741210057263513,0.05783152416916691,-0.015889274192081464
LCG,0.047559938951923335,0.06956529969370515,-0.09601790707104478,0.07003549602632597
LDG,0.06438094000173829,-0.055063176617586654,0.0035259557683497587,0.034545913356181054
LGL,0.07087666638236552,-0.004111835080403424,-0.015448344051014827,0.023519376012734263
LHG,0.06859193707242625,0.027317601025846468,-0.017559005158944034,-0.024099252307691995
LIX,0.060315267681244664,-0.0414141791844245,0.04314863693816333,-0.07391993319648564
LPB,0.03431542590459006,0.10440048053117311,-0.01326770848535388,-0.057787946987519524
LSS,0.05520008376234485,0.06457088985096719,-0.04271264376936066,0.0718427711087347
MBB,0.05836334579499409,0.06233940733237611,0.014614464095339987,-0.02926134209299976
MCH,0.06296473363304812,0.02406506680131863,0.061465905596408445,-0.07000332925194626
MHC,0.05419785168504822,0.06828258729690605,-0.0015497777096769429,-0.049935700274365356
MIG,0.05412209918924946,-0.006535847700324943,0.11312147141455883,0.1026117465073922
MSB,0.06623086644643668,0.01728932868634327,-0.041925191790138976,-0.04353648149511016
MSH,0.06535276541681373,0.0011873596262857633,0.015160306294728637,-0.026234516391982658
MSN,0.05488453296695027,-0.07278911491415437,-0.0300230905913106,-0.023942772976263963
MWG,0.0627564641330431,-0.04357755978641045,0.06192674696505557,0.018911567799610896
NAB,0.02140277184651593,0.12093422698769579,0.02511842333298037,-0.01320581007237236
NAF,0.059950644047715385,0.06017213026470201,-0.057990728629606476,-0.017132531046348733
NAV,0.0582981065718345,-0.04053873328844295,-0.030096156098562123,-0.0963395643179192
NBB,0.060582333637598566,0.0462120476199125,-0.02876485042812757,-0.08745782582708503
NCT,-0.006263802379437482,0.09410714764018145,0.09392859735539412,0.054964624956550384
NHA,0.07059071082446096,0.0004301690362730846,-0.036980158885366446,0.0065530792519758
NHH,0.052658457749867556,0.06280491290546475,-0.04378857726461305,-0.08605440145398094
NKG,0.06886050763647861,0.01191634940905372,0.043390798423284145,-0.02913782410741541
NLG,0.06813059738760244,0.02916498516724814,-0.01045358275136021,0.0034971282039056944
NNC,0.056252431634807205,0.02283035178282823,-0.11356096929784917,-0.0844944733825136
NSC,0.0592979867542423,-0.02443269905176712,0.08983631997560404,0.04025281678978698
NT2,-0.03947468343185108,0.03569753927036908,-0.0708723702842138,0.15413803828407283
NTC,0.047948781111826044,0.08470094432828296,0.05890250372059332,-0.0055201681598914506
NTL,0.06918700090908059,-0.020253845114527963,0.011648351623001926,-0.045316020676234074
NVL,0.057337365573288515,-0.0640171815260123,0.06272169634888455,-0.02835370131582932
NVT,0.06486807058766951,-0.04371432967932403,0.03649267851932243,0.039991092457332164
OCB,0.05504605681294509,0.06383053446744255,-0.0576995999447739,-0.06411491004571666
OGC,0.04463027054104786,-0.06678119936649278,0.07825255303007542,0.07475970021282977
OPC,0.009673320829297857,-0.0035540645430768,-0.025507578021869395,0.012535135524669293
ORS,0.0656461261781711,0.04888740802347723,0.0034075580122322883,0.003924914741450604
PAC,0.04323390109590055,-0.07721099745599656,-0.034905937889743874,0.006477693088697604
PAN,0.07023135311113106,0.01420939974201909,-0.011616448328456569,-0.006148070035429673
PC1,0.0543536271449566,0.03452088456796855,0.06398627485871593,0.05071874190355609
PDR,0.06570479339985363,-0.031004082254217902,0.05793373462386092,-0.04773757101778778
PDV,-0.02539036679584964,0.0721012145200888,-0.08971747885076262,0.13223247732021362
PET,0.06689124070515645,0.016305000169860934,0.04626079321298399,0.06446846930926811
PGC,0.05823431447603178,-0.07015200992799228,0.009486971217830369,0.01954687480605464
PGD,0.009331464125067144,0.11275670169958668,-0.005087166461674377,0.10055906958058039
PGV,0.06786936709645229,0.02467416594003039,-0.004566370197353442,0.043569039232890724
PHC,0.06454297804627018,0.012630373442335934,-0.012639186822425482,0.03663092451685116
PHR,0.07091945587572343,-0.003509795517382914,0.014518074372158681,-0.014022785526813191
PIT,0.058320727697201515,0.0360938824708337,0.009459467493901603,-0.010880256288247838
PLP,0.06193695261823118,-0.04873725123268233,0.03762887443295354,0.07068208188991186
PLX,0.0636674238227109,0.011604689814186879,-0.09187159574961087,0.020896053298919824
PNJ,0.012300872178144828,0.005248103582956398,0.13563548796039954,-0.03922432690204708
POW,0.05812283343522975,-0.010278481155112493,-0.08979022876531076,0.07922191479765572
PPC,0.06890981775953203,-0.013914431163943376,-0.009612521191822179,-0.013803845905689982
PTC,0.06639726509344787,-0.03741118784068303,0.03439290646696122,0.05143656446295294
PTL,0.06509981386925076,-0.011767614735318139,0.009341983526492922,0.01044243180373622
PVD,0.012572856625502319,0.11701683633569736,-0.0327336058757692,0.002715668147185078
PVP,0.05628674371994125,0.06102242210843616,-0.06496329736540263,-0.0370432051023117
PVS,0.00929864868040817,0.12066758536551919,0.018031742179277242,0.022772210107324137
PVT,0.017610194868417663,0.11151790794001676,0.012464998610167649,-0.019711433494348046
QCG,0.05578722948716936,0.06406789524362336,-0.006617245021933081,-0.0006482181758915331
REE,-0.004727519920290455,-0.057582397166859194,0.1355691787763779,0.13981033995323058
SAB,0.010230066067211436,-0.106857562312554,-0.06442719616616326,0.009475590134084786
SAM,0.06257574740217518,-0.051760793426488816,0.056497526268325986,0.027223390443586775
SAV,0.06968116280169814,0.0033234051255319405,-0.03151537810351513,-0.04166573522505435
SBA,-0.037389514617972866,0.08466455759516245,0.06737418000669718,-0.012992995809740582
SBT,0.06648121107868782,0.0029278285787333914,-0.06236181967761658,0.05239614135576086
SBV,0.06071335118581244,-0.05956959441154065,0.021627509008098015,-0.06538346942450816
SCR,0.06755056210115161,-0.012500837083060589,0.007313403352172874,0.08052896084340687
SCS,0.06408438420723539,-0.043837243966021545,0.03574370859537861,-0.04659896509299805
SFG,0.06870072573514638,-0.028512845961345862,-0.010487687726866847,-0.04799065840578723
SFI,0.06441514555444837,-0.02116386077702869,0.0026135962615233743,0.06374806828972064
SGN,0.04125529378453705,0.057314011261270684,-0.05162707646155032,0.11822987749011081
SGR,0.05374158736127755,0.05889733124600674,-0.0744320485585201,0.05252698457153608
SGT,0.06785458503642235,-0.028702101007604414,0.004101216266313218,0.02514149070388932
SHA,0.06700963878517184,0.016323728674945148,0.04038751461730802,0.016115746564713197
SHB,0.061279219722516494,0.05721962367675283,-0.023561103027364656,0.021918266374531207
SHI,0.017766474164917386,-0.03532444872407021,-0.05647171423081841,-0.16225453607483484
SHP,-0.003810262933661064,0.10907618163788646,0.09961467134897563,-0.029304980610533837
SIP,0.03579938500221019,0.0965606546160244,0.06840667335920114,-0.008444955918248577
SJD,0.06531534263184872,-0.0021485718229330444,0.07499398873703288,-0.037838231770957464
SJS,0.0634266763984511,0.015144287753772006,0.07255210970982061,-0.08942225433142116
SKG,0.05044071153679522,-0.00621153473753525,-0.06570889728157381,0.12031477442427461
SMB,0.052390503405259053,-0.04592810308251034,-0.034089776836982624,-0.1249027971824397
SMC,0.06886546314288823,-0.033886912801416806,0.00044520270993964593,0.029907491609088364
SRC,-0.016901342096151253,0.09917805474597009,0.024116396485037953,-0.11384106149648446
SSB,0.05415544918057244,-0.044459302970779914,-0.09351284183714682,-0.012419288143870496
SSI,0.062376603331443306,0.05865669988633791,-0.025155988562171893,-0.04906867133943577
ST8,-0.026493633397248233,0.07060305836431395,-0.006646771868594497,0.19606320316218692
STB,0.031565381742208666,0.09538483184916162,-0.09496068735293968,0.029706752583008363
SVD,0.05947207013666838,-0.06016604545403746,0.024198556654423255,0.07409130123476967
SVT,0.06894113877726393,0.0036167169173050035,-0.03336968265963682,-0.020831008731419364
SZC,0.0655923517419861,0.04511089274975843,0.005675903721801075,-0.05530268587754152
SZL,0.04822589987683282,0.07608409395373075,0.013919915101961708,-0.0038745833732454194
TBC,-0.01446423183578689,0.12231129556756165,0.00020449700316376712,0.047824086714995495
TCB,0.06608753104210782,-0.04444425797817954,0.0337844561148587,-0.02349685715858678
TCD,0.0691428993100139,-0.013088357597012278,0.015592941041621115,0.05919355868646864
TCH,0.05786839645383019,0.06567285505197652,-0.025470102217858028,-0.06779846055298742
TCI,0.05718228771977204,0.0727750367457391,-0.033422122073348944,-0.03182947874563946
TCO,0.06590023914220905,-0.027576945482776272,-0.026961304551247626,-0.0796739501886694
TCT,0.05086428702954349,-0.08083633662241681,-0.007429216179093631,-0.045997689918339156
TDC,0.05856661231333036,-0.033384503875724926,-0.03070856372461714,0.038079150472602415
TDG,0.0674203304212103,-0.035735288089544494,0.030890489156185273,0.03362164576259332
TDH,0.06921192399339204,0.007693653702952773,0.0005478149493332908,0.024603184972905055
TDM,0.009356759581728727,0.0998724024567351,0.06405743917286971,0.07751853451604743
TDP,-0.03295416108652582,0.08540084400407104,-0.04876053632614782,0.07080969013536949
TEG,0.057373095888136806,0.05853774332154018,-0.05820392032583954,-0.009016210241971957
THG,0.0669920317126193,0.018555366039242707,-0.01968788087944609,0.02440301656762567
TIP,0.06533776145193247,0.039763496105274056,0.045112786185161756,-0.0034570719605790854
TLD,0.06930897016385801,0.01398333099520128,0.02796102867948079,-0.038537916171957204
TLH,0.06853910894237548,0.025401768370278854,-0.027002599388465602,0.027237007904774613
TMP,0.02190108296907994,0.09673178939208035,0.06704018207054839,-0.08481500620850682
TMS,0.0642006802681921,-0.032419987122328166,0.03068957399526261,-0.07285506349390218
TMT,0.03112316560852386,0.014676923894097022,0.027220486240714825,0.2300627860763494
TN1,0.06530658173622295,-0.04602132997123423,0.019540240258230666,-0.03753917590454007
TNH,0.054333127452138266,-0.021622044373995165,-0.06774064811907653,0.1071528663508817
TNI,0.0639695603340165,-0.054075079049110235,0.004641247455643321,0.016167422683673046
TNT,0.06902606264661909,-0.016341842577854714,0.035101715002896175,0.04215676270372806
TPB,0.06582626492738287,0.033882535655622936,-0.05731184196837675,0.020344612237822576
TRA,0.029750028729802553,-0.080538644996304,-0.06895080893209175,-0.002575057791130426
TRC,0.06855374148397769,-0.017557880259303448,0.03482889585629346,-0.03622175772053791
TSC,0.06810837153446558,-0.03340803746037202,0.005641791201860872,0.046589957151044636
TTA,0.06289608378660666,-0.050908158011497034,-0.017045636246853714,-0.04894388389969232
TTF,0.0657452654693145,-0.0427866701449005,0.025556625635752436,0.052512413172472815
TV2,0.05175188415635338,0.0844889341357676,0.0014820867357297992,-0.01988392476325424
TVB,0.07059691008289232,0.0001848767589465927,-0.033803176546546444,-0.03439943174148055
TVS,0.06529669634619656,0.032649008727953344,-0.009185642131523734,0.027475529162894693
TVT,0.05023001748116298,-0.08656216028962559,-0.011317916493144215,-0.007252764512492418
TYA,0.06318456246657016,-0.05594530737232261,-0.02417634879934998,-0.038637429555075604
UIC,0.062064719142871455,-0.05210480090930355,-0.013575037247381617,-0.06130262344530019
VAB,0.06866678350722787,-0.03263528488658321,-0.034317638807150046,-0.006115291787720863
VCA,0.054022644700589616,-0.07495298667810793,0.05076102723857251,0.012121899971674632
VCB,0.003792638737216193,0.11200004129877336,-0.08637766130584223,0.023155684586587708
VCI,0.060391786241506665,0.05766796264981094,-0.02504064530643546,-0.011165855341456322
VDS,0.05418776754451887,0.08096490061818051,-0.025827507515880244,-0.02302868875817181
VFG,0.04592872426808429,0.033850038561634016,-0.006157296974150336,-0.10877374125838886
VGC,0.041742564002650924,0.04656504659369756,0.11673816377947292,-0.0005630578912204646
VHM,0.062380906152597816,-0.03976401634121512,-0.06008035135607961,0.043577394064613466
VIB,0.06273357406406782,0.047946651649718564,-0.05522004991352738,-0.01400907431337528
VIC,0.05702160594605908,-0.0624742972695923,-0.04614071819634342,-0.01132777107932526
VID,0.06281857285519356,-0.05423157076556162,0.020072054615630927,-0.054937940784071715
VIP,-0.0024829217725113205,0.11346211882705723,-0.09362354360954332,0.04758382899349695
VIX,0.03899885215477068,0.1031153506309377,7.215562201529091e-05,-0.021270229645627144
VJC,0.05317432331651858,-0.05741315497590206,0.07613488546878458,-0.058036116437728894
VMD,0.056211748938110345,-0.03454597806914134,-0.0809621098652771,0.051138697534165514
VND,0.0694297205218588,0.015277915973809921,0.03655697932507016,0.002098911045226688
VNE,0.05652983614337695,-0.03366207371151958,-0.10780321507836002,0.06448704897183993
VNG,0.06038693668907533,-0.037356948898297035,0.008324466402566967,0.043447275451360824
VNL,0.05661283053445,0.031217316152056324,-0.11057873964892126,-0.06427228903601118
VNM,0.02072235000554267,-0.02222342520849234,-0.09648814100242195,-0.13351536850548995
VOS,0.06616967468870202,-0.014742913696062138,0.019730346197013977,0.03755328411929361
VPB,0.0552836472256447,0.05367513135260103,-0.06569036633716158,0.023922151317003686
VPD,-0.05575956111946785,0.0318074212039802,-0.011290064498240649,0.02316556929840413
VPG,0.06721810441482826,-0.02662895975681181,0.05608036567960476,0.01486429272365366
VPI,0.04288217744981948,-0.06869560857775821,0.08854176189812923,-0.0628032600071969
VRC,0.06807935504883955,-0.014782584236614646,-0.06529669266354622,0.010092545831760447
VRE,0.04631551499314014,-0.03903453832332327,-0.13001892105970406,0.031025279446819643
VSC,0.061647998467566544,-0.036923727632318194,0.04445542941660885,-0.019880141793012576
VSH,-0.017268334383411806,0.09334444328176358,0.10710024755003114,0.09596454036915979
VTB,0.030638426546725668,-0.07108335577475743,-0.043075393084487795,-0.0716775513525906
VTO,0.05496916636043193,0.057196440529517195,-0.08501408917455143,-0.030529333934202887
VTP,0.055722197677139394,0.0536192022374728,0.09817125240610919,-0.03972226023953496
YBM,0.05506217039000267,0.07237328793244642,0.03903733541572882,-0.02233619175668423
YEG,0.06641319829819838,0.00936299141208885,0.014318144871799863,-0.053719194821455325
